year,country_txt,region_txt,incident_count,GDP per capita,population,incident_per_capita,education_level
2001,Afghanistan,South Asia,14,489.682,19688634.0,7.110701534702712e-07,2.2
2001,Albania,Eastern Europe,1,5285.809,3153615.0,3.170964115784584e-07,8.7
2001,Algeria,Middle East & North Africa,113,7218.2456,31200984.0,3.621680649559001e-06,6.1
2001,Angola,Sub-Saharan Africa,40,2162.485,16941584.0,2.3610543146378758e-06,4.4
2001,Argentina,South America,2,13651.981,37480492.0,5.336109248512533e-08,9.1
2001,Armenia,Central Asia,2,5457.5103,3133138.0,6.383376665821933e-07,10.7
2001,Australia,Australasia & Oceania,2,37275.992,19248146.0,1.0390611126910612e-07,11.9
2001,Azerbaijan,Central Asia,4,4498.7944,8282030.0,4.829733773000098e-07,10.6
2001,Bangladesh,South Asia,15,1551.1965,131670488.0,1.1392074433566313e-07,4.3
2001,Belarus,Eastern Europe,1,9462.374,10201212.0,9.802756770470019e-08,9.0
2001,Brazil,South America,3,9953.31,178211888.0,1.6833893819698492e-08,5.8
2001,Bulgaria,Eastern Europe,1,8832.291,8034863.0,1.2445762920911035e-07,9.9
2001,Burundi,Sub-Saharan Africa,37,730.4278,6465731.0,5.722477473931408e-06,1.9
2001,Cambodia,Southeast Asia,7,1726.4713,12338198.0,5.673437887769348e-07,3.3
2001,Central African Republic,Sub-Saharan Africa,1,952.5118,3844780.0,2.6009290518573235e-07,2.9
2001,Chile,South America,3,15448.009,15523973.0,1.9324949869469626e-07,9.0
2001,China,East Asia,12,4995.1445,1272739584.0,9.428480225535282e-09,6.5
2001,Colombia,South America,207,8528.033,39837876.0,5.196060151399638e-06,6.5
2001,Costa Rica,Central America & Caribbean,1,9451.615,4053223.0,2.4671724205650666e-07,8.0
2001,Croatia,Eastern Europe,3,13817.681,4506760.0,6.656666873762969e-07,9.8
2001,Cyprus,Western Europe,1,23095.736,964838.0,1.0364434236628325e-06,10.1
2001,Ecuador,South America,5,7131.194,12845523.0,3.8924067163322193e-07,7.0
2001,Estonia,Eastern Europe,1,17696.61,1388000.0,7.204610951008645e-07,11.8
2001,France,Western Europe,21,33920.098,59014776.0,3.5584308580617166e-07,10.0
2001,Georgia,Central Asia,4,5125.1274,4144485.0,9.65138008703132e-07,11.8
2001,Germany,Western Europe,8,34260.29,81514568.0,9.81419664764708e-08,11.7
2001,Greece,Western Europe,14,21913.797,11072182.0,1.264430082525739e-06,8.8
2001,Guatemala,Central America & Caribbean,2,5882.7197,12009197.0,1.6653902837966603e-07,3.8
2001,Guinea-Bissau,Sub-Saharan Africa,1,1233.072,1257390.0,7.952981970589872e-07,7.907189542483661
2001,Haiti,Central America & Caribbean,5,1501.1025,8511728.0,5.874247861303839e-07,3.9
2001,Hong Kong,East Asia,1,32734.201,6801538.0,1.4702556980494706e-07,9.1
2001,Hungary,Eastern Europe,1,13933.562,10177955.0,9.825156428771792e-08,10.3
2001,India,South Asia,234,2837.8555,1078970880.0,2.1687332284630332e-07,4.5
2001,Indonesia,Southeast Asia,105,5526.1475,217112432.0,4.836203944323188e-07,6.9
2001,Iran,Middle East & North Africa,4,9620.627,66674856.0,5.999263050526873e-08,6.4
2001,Iraq,Middle East & North Africa,3,4147.6484,25425666.0,1.1799100955703579e-07,5.2
2001,Ireland,Western Europe,2,40966.332,3829019.0,5.223269981162277e-07,11.0
2001,Israel,Middle East & North Africa,79,25427.32,6237984.0,1.2664347968830956e-05,12.1
2001,Italy,Western Europe,11,33511.434,56994992.0,1.9299941300105806e-07,8.7
2001,Japan,East Asia,3,33246.39,127065736.0,2.36098266490976e-08,10.8
2001,Jordan,Middle East & North Africa,2,7982.7407,5163313.0,3.8734820066108716e-07,9.6
2001,Kazakhstan,Central Asia,1,10589.103,15281288.0,6.543951007271115e-08,10.7
2001,Kenya,Sub-Saharan Africa,7,1972.3811,31800344.0,2.201234049543615e-07,5.4
2001,Kuwait,Middle East & North Africa,2,37225.87,1991676.0,1.0041793946404938e-06,6.2
2001,Kyrgyzstan,Central Asia,1,3357.993,4981443.0,2.0074504516060909e-07,9.9
2001,Laos,Southeast Asia,1,2365.1033,5519714.0,1.811688069345622e-07,4.0
2001,Lebanon,Middle East & North Africa,5,7836.8267,4389201.0,1.1391594962272177e-06,7.907189542483661
2001,Liberia,Sub-Saharan Africa,3,1097.2496,2981655.0,1.0061526232914272e-06,3.5
2001,Malaysia,Southeast Asia,1,13307.215,23542522.0,4.247633282449518e-08,8.4
2001,Mexico,North America,7,12565.465,99394288.0,7.042658225993832e-08,6.8
2001,Montenegro,Eastern Europe,1,6429.561,633062.0,1.5796241126461547e-06,7.907189542483661
2001,Myanmar,Southeast Asia,3,1996.3737,46014828.0,6.519637539447068e-08,3.2
2001,Namibia,Sub-Saharan Africa,6,5888.432,1856406.0,3.232051609400099e-06,5.8
2001,Nepal,South Asia,33,1738.3142,24956070.0,1.3223235870070888e-06,2.5
2001,Netherlands,Western Europe,1,38636.223,15981630.0,6.257184029413771e-08,11.0
2001,New Zealand,Australasia & Oceania,1,27167.318,3889587.0,2.570967046115693e-07,11.6
2001,Nigeria,Sub-Saharan Africa,5,2282.823,126152680.0,3.963451271903221e-08,7.907189542483661
2001,Norway,Western Europe,1,56578.38,4514019.0,2.2153207596157659e-07,12.1
2001,Pakistan,South Asia,53,3176.9468,159217728.0,3.328775046959595e-07,3.5
2001,Peru,South America,3,6010.225,27014912.0,1.1104977872961422e-07,8.1
2001,Philippines,Southeast Asia,50,4090.2183,79626088.0,6.279349049522564e-07,7.7
2001,Poland,Eastern Europe,1,13017.584,38662860.0,2.5864615292298603e-08,11.1
2001,Qatar,Middle East & North Africa,1,50525.707,678838.0,1.4731055126554494e-06,8.0
2001,Russia,Eastern Europe,135,11391.194,146235520.0,9.231683246313891e-07,11.4
2001,Rwanda,Sub-Saharan Africa,2,1067.2347,8223950.0,2.4319214003003423e-07,2.4
2001,Saudi Arabia,Middle East & North Africa,3,24191.996,22085932.0,1.3583307238290873e-07,6.8
2001,Senegal,Sub-Saharan Africa,8,2009.9423,9938028.0,8.049886758218029e-07,2.3
2001,South Korea,East Asia,1,23804.438,47064784.0,2.124730881586538e-08,10.7
2001,Spain,Western Europe,79,28153.553,40966448.0,1.9284073639969956e-06,8.5
2001,Sri Lanka,South Asia,36,5620.966,18920278.0,1.9027204568558665e-06,10.2
2001,Switzerland,Western Europe,2,44398.64,7224413.0,2.7683910097609313e-07,11.6
2001,Taiwan,East Asia,2,26203.977,22333124.0,8.955307819900163e-08,7.907189542483661
2001,Tajikistan,Central Asia,6,1845.4781,6408813.0,9.362108084601626e-07,10.6
2001,Tanzania,Sub-Saharan Africa,4,1213.627,35414464.0,1.1294820105141221e-07,4.3
2001,Thailand,Southeast Asia,14,9818.721,63649892.0,2.1995324045483063e-07,6.3
2001,Tunisia,Middle East & North Africa,1,7848.0947,9995115.0,1.0004887387488788e-07,5.1
2001,Turkey,Middle East & North Africa,19,10950.992,65072016.0,2.9198419179144536e-07,5.6
2001,Uganda,Sub-Saharan Africa,24,1255.8844,24763328.0,9.69175064030166e-07,4.0
2001,United Kingdom,Western Europe,94,32660.441,59092016.0,1.5907394325487219e-06,11.8
2001,United States,North America,41,45878.008,285470496.0,1.436225479497538e-07,12.7
2001,Venezuela,South America,5,14298.037,24880210.0,2.009629339945282e-07,6.4
2001,Vietnam,Southeast Asia,4,2915.686,79817768.0,5.0114155033751385e-08,5.6
2001,Yemen,Middle East & North Africa,7,4249.0337,19143456.0,3.656602026300789e-07,1.3
2001,Zimbabwe,Sub-Saharan Africa,3,2193.7385,11910981.0,2.5186842292838854e-07,6.7
2002,Afghanistan,South Asia,38,796.8166,21000258.0,1.8095015785044164e-06,2.3
2002,Algeria,Middle East & North Africa,132,7814.8384,31624700.0,4.173952638285897e-06,6.3
2002,Angola,Sub-Saharan Africa,6,2522.6719,17516140.0,3.425412219815553e-07,4.4
2002,Azerbaijan,Central Asia,1,4880.4,8372128.0,1.194439454341835e-07,10.6
2002,Bangladesh,South Asia,5,1621.267,134139824.0,3.727453824600217e-08,4.3
2002,Belgium,Western Europe,3,34419.695,10355569.0,2.896991947038352e-07,10.3
2002,Brazil,South America,1,10245.069,180476688.0,5.540881822919977e-09,6.0
2002,Bulgaria,Eastern Europe,1,9471.766,7974804.0,1.253949313362435e-07,10.0
2002,Burundi,Sub-Saharan Africa,18,737.286,6648951.0,2.7071939618745875e-06,2.0
2002,Cambodia,Southeast Asia,3,1770.9572,12561783.0,2.3881960068885123e-07,3.3
2002,Chad,Sub-Saharan Africa,4,831.8292,8838371.0,4.5257208596471e-07,1.4
2002,Chile,South America,1,15509.825,15693798.0,6.371943872350083e-08,9.2
2002,China,East Asia,2,5343.1123,1280926080.0,1.561370348552822e-09,6.6
2002,Colombia,South America,150,8630.542,40454056.0,3.707910030084499e-06,6.5
2002,Ecuador,South America,2,7359.707,13070617.0,1.530149647870487e-07,7.1
2002,Ethiopia,Sub-Saharan Africa,3,793.9149,71073224.0,4.220998895449009e-08,1.7
2002,France,Western Europe,32,34152.773,59372784.0,5.389674838222173e-07,10.1
2002,Georgia,Central Asia,2,5406.953,4061127.0,4.924741334117352e-07,11.9
2002,Germany,Western Europe,3,34590.93,81443424.0,3.683538648866236e-08,12.1
2002,Greece,Western Europe,11,22893.959,11096620.0,9.912928441273108e-07,9.1
2002,Haiti,Central America & Caribbean,2,1494.1837,8661546.0,2.3090566049063296e-07,4.0
2002,Honduras,Central America & Caribbean,1,3431.2512,7019912.0,1.4245192817231897e-07,4.5
2002,India,South Asia,184,2870.9236,1098313088.0,1.6752964342349712e-07,4.6
2002,Indonesia,Southeast Asia,43,5720.2817,220115088.0,1.9535235131178287e-07,7.0
2002,Iraq,Middle East & North Africa,6,4631.6523,26255344.0,2.2852490525357428e-07,5.4
2002,Israel,Middle East & North Africa,75,24823.553,6356697.0,1.179858030042961e-05,12.1
2002,Italy,Western Europe,7,33780.055,57107576.0,1.2257568067676345e-07,8.8
2002,Japan,East Asia,2,33195.402,127301744.0,1.571070385335805e-08,10.9
2002,Jordan,Middle East & North Africa,2,8394.055,5275531.0,3.7910875701422285e-07,9.6
2002,Kenya,Sub-Saharan Africa,2,1961.8949,32779824.0,6.101314027799539e-08,5.5
2002,Kuwait,Middle East & North Africa,1,39943.15,2047368.0,4.884319770554195e-07,6.1
2002,Kyrgyzstan,Central Asia,2,3299.246,5026646.0,3.9787961992947187e-07,10.0
2002,Lebanon,Middle East & North Africa,8,8248.101,4446663.0,1.7991019332924487e-06,7.907189542483661
2002,Liberia,Sub-Saharan Africa,3,1342.7588,3060603.0,9.801990000009802e-07,3.6
2002,Madagascar,Sub-Saharan Africa,5,1110.8217,17211938.0,2.904960498928128e-07,5.3
2002,Malawi,Sub-Saharan Africa,1,886.1978,11784500.0,8.485722771437057e-08,3.2
2002,Myanmar,Southeast Asia,4,2175.8833,46480236.0,8.605808283761726e-08,3.3
2002,Nepal,South Asia,58,1709.7787,25332178.0,2.289578101022344e-06,2.5
2002,Netherlands,Western Europe,2,38653.125,16057042.0,1.245559424955107e-07,11.1
2002,Nigeria,Sub-Saharan Africa,6,2609.1294,129583032.0,4.630235847545225e-08,7.907189542483661
2002,Pakistan,South Asia,46,3265.6865,163262800.0,2.817543249288877e-07,3.8
2002,Peru,South America,2,6274.4185,27334510.0,7.316758193214365e-08,8.3
2002,Philippines,Southeast Asia,48,4181.3755,81285576.0,5.905106706754468e-07,7.9
2002,Russia,Eastern Europe,89,12259.477,145590144.0,6.113051169178046e-07,11.4
2002,Saudi Arabia,Middle East & North Africa,2,24053.975,22623412.0,8.840399494116979e-08,7.0
2002,Senegal,Sub-Saharan Africa,3,1959.6141,10180944.0,2.9466815650886596e-07,2.4
2002,South Africa,Sub-Saharan Africa,8,8171.2065,47661516.0,1.6785030505534066e-07,8.5
2002,Spain,Western Europe,41,28753.322,41477652.0,9.884841118778855e-07,8.5
2002,Sri Lanka,South Asia,3,5721.3086,19110706.0,1.5698007179849871e-07,10.2
2002,Tanzania,Sub-Saharan Africa,2,1293.2051,36353528.0,5.501529315119017e-08,4.3
2002,Thailand,Southeast Asia,12,10276.398,64222576.0,1.8685018178031352e-07,6.5
2002,Tunisia,Middle East & North Africa,1,7916.6797,10094564.0,9.906321857982177e-08,5.2
2002,Turkey,Middle East & North Africa,5,11753.953,65988664.0,7.577058993041593e-08,5.7
2002,Turkmenistan,Central Asia,1,5795.641,4698972.0,2.1281250452226573e-07,7.907189542483661
2002,Uganda,Sub-Saharan Africa,24,1301.0588,25545098.0,9.395148924462924e-07,4.2
2002,Ukraine,Eastern Europe,3,6262.9824,47976540.0,6.253056181208565e-08,10.5
2002,United Kingdom,Western Europe,21,33271.3,59355688.0,3.537992854197899e-07,11.9
2002,United States,North America,33,46266.297,288350240.0,1.1444415652298399e-07,12.7
2002,Venezuela,South America,5,12856.049,25330926.0,1.9738717802894375e-07,6.8
2002,Yemen,Middle East & North Africa,7,4292.099,19660662.0,3.5604091052478294e-07,1.5
2002,Zambia,Sub-Saharan Africa,1,1579.0228,10508294.0,9.516292559001489e-08,6.1
2002,Zimbabwe,Sub-Saharan Africa,8,2025.3177,11984643.0,6.675209265724478e-07,6.9
2003,Afghanistan,South Asia,100,842.8052,22645136.0,4.415959347738075e-06,2.4
2003,Albania,Eastern Europe,1,6004.645,3092993.0,3.233114332945467e-07,9.0
2003,Algeria,Middle East & North Africa,75,8590.178,32055882.0,2.3396642151353064e-06,6.5
2003,Argentina,South America,1,13088.565,38278164.0,2.6124554981268172e-08,9.3
2003,Bahrain,Middle East & North Africa,1,21391.611,778260.0,1.2849176367794825e-06,8.4
2003,Bangladesh,South Asia,4,1710.7314,136503216.0,2.9303338904484125e-08,4.4
2003,Belgium,Western Europe,8,34588.477,10402550.0,7.690422059975679e-07,10.4
2003,Bolivia,South America,1,4230.3726,9057386.0,1.1040713071078124e-07,7.1
2003,Brazil,South America,1,10354.596,182629280.0,5.475573248714554e-09,6.2
2003,Burundi,Sub-Saharan Africa,18,703.5615,6860854.0,2.6235800965885587e-06,2.1
2003,Cambodia,Southeast Asia,1,1850.2043,12787714.0,7.820005983868578e-08,3.4
2003,Chile,South America,2,15809.178,15859114.0,1.2611044980192463e-07,9.4
2003,China,East Asia,3,5649.4634,1288873344.0,2.327614279530014e-09,6.7
2003,Colombia,South America,98,8855.218,41057688.0,2.38688549632897e-06,6.5
2003,Ecuador,South America,4,7468.5034,13301188.0,3.0072501794576543e-07,7.1
2003,Ethiopia,Sub-Saharan Africa,1,764.5283,73168848.0,1.3667018510391199e-08,1.7
2003,France,Western Europe,34,34292.03,59728260.0,5.692447762583407e-07,10.2
2003,Georgia,Central Asia,6,6013.0093,4017826.0,1.4933449084156457e-06,12.0
2003,Germany,Western Europe,2,34716.44,81346808.0,2.4586090704382648e-08,12.5
2003,Greece,Western Europe,12,24380.066,11110488.0,1.0800605697967542e-06,9.3
2003,Guatemala,Central America & Caribbean,3,6004.1445,12570507.0,2.386538585913838e-07,3.7
2003,Guinea-Bissau,Sub-Saharan Africa,1,1181.9435,1315670.0,7.600690142664954e-07,7.907189542483661
2003,Haiti,Central America & Caribbean,5,1495.8921,8812248.0,5.673921115247778e-07,4.1
2003,India,South Asia,196,3035.9226,1117415168.0,1.7540481426505928e-07,4.7
2003,Indonesia,Southeast Asia,18,5938.878,223080128.0,8.068849592913987e-08,7.2
2003,Iran,Middle East & North Africa,2,11502.853,67954704.0,2.9431369460457072e-08,6.7
2003,Iraq,Middle East & North Africa,102,3782.4526,27068826.0,3.7681722879300343e-06,5.5
2003,Ireland,Western Europe,1,44372.758,3958706.0,2.52607796588077e-07,11.4
2003,Israel,Middle East & North Africa,38,24545.244,6475917.0,5.867894847941998e-06,12.2
2003,Italy,Western Europe,15,33917.8,57425176.0,2.61209473698435e-07,8.9
2003,Japan,East Asia,2,33619.95,127502352.0,1.5685985149513165e-08,11.0
2003,Kenya,Sub-Saharan Africa,2,1997.7769,33767120.0,5.9229214691688245e-08,5.6
2003,Kuwait,Middle East & North Africa,3,48809.71,2101512.0,1.427543597181458e-06,6.1
2003,Kyrgyzstan,Central Asia,1,3464.82,5078276.0,1.9691722151375783e-07,10.0
2003,Laos,Southeast Asia,2,2625.3481,5689072.0,3.5155118444625063e-07,4.1
2003,Lebanon,Middle East & North Africa,5,8671.1875,4504807.0,1.109925464065386e-06,7.907189542483661
2003,Liberia,Sub-Saharan Africa,2,851.911,3085173.0,6.482618640834728e-07,3.7
2003,Mexico,North America,1,12793.956,102429344.0,9.762827339790442e-09,7.1
2003,Morocco,Middle East & North Africa,5,5386.8506,29661272.0,1.6856997906226003e-07,3.7
2003,Myanmar,Southeast Asia,9,2410.5698,46924296.0,1.9179829570591746e-07,3.4
2003,Nepal,South Asia,15,1747.7766,25682912.0,5.840459212724787e-07,2.6
2003,Netherlands,Western Europe,3,38803.957,16127574.0,1.860168181525628e-07,11.3
2003,New Zealand,Australasia & Oceania,3,28876.287,4019944.0,7.462790526435194e-07,11.6
2003,Nigeria,Sub-Saharan Africa,9,2848.2812,133119808.0,6.76082705888518e-08,5.2
2003,Norway,Western Europe,1,60852.258,4565167.0,2.1905003694278874e-07,12.2
2003,Pakistan,South Asia,29,3437.9917,166876672.0,1.7378103034077765e-07,4.0
2003,Peru,South America,1,6472.341,27623344.0,3.620126513285285e-08,8.4
2003,Philippines,Southeast Asia,107,4333.214,82942840.0,1.2900450478908124e-06,8.0
2003,Russia,Eastern Europe,76,13521.239,144946720.0,5.243305954077471e-07,11.4
2003,Saudi Arabia,Middle East & North Africa,8,27367.094,23150850.0,3.455596662757523e-07,7.1
2003,South Korea,East Asia,1,25679.246,47539740.0,2.103503300607029e-08,11.0
2003,Spain,Western Europe,21,29371.865,42230268.0,4.972736616305631e-07,8.6
2003,Sri Lanka,South Asia,9,5963.57,19303182.0,4.662443735960216e-07,10.2
2003,Switzerland,Western Europe,1,45441.598,7330729.0,1.3641208125412902e-07,11.8
2003,Thailand,Southeast Asia,6,10868.836,64776960.0,9.262552611298832e-08,6.7
2003,Turkey,Middle East & North Africa,19,12380.207,66867324.0,2.8414476404050503e-07,5.8
2003,Uganda,Sub-Saharan Africa,30,1335.0305,26354740.0,1.1383151569698657e-06,4.3
2003,Ukraine,Eastern Europe,1,7029.5703,47605644.0,2.1005912660271964e-08,10.6
2003,United Kingdom,Western Europe,23,34232.426,59649800.0,3.8558385778326164e-07,12.0
2003,United States,North America,33,47157.996,291109824.0,1.1335927982973188e-07,12.8
2003,Venezuela,South America,8,11728.183,25782032.0,3.102936184393845e-07,7.0
2003,Yemen,Middle East & North Africa,7,4326.5107,20188800.0,3.467268980821049e-07,1.6
2003,Zimbabwe,Sub-Saharan Africa,1,1700.9559,12075835.0,8.281000858325739e-08,6.8
2004,Afghanistan,South Asia,88,869.0393,23553554.0,3.736166525017838e-06,2.5
2004,Algeria,Middle East & North Africa,67,9182.294,32510184.0,2.0608926728929003e-06,6.7
2004,Bangladesh,South Asia,11,1812.6248,138789728.0,7.925658590526238e-08,4.5
2004,Burundi,Sub-Saharan Africa,1,709.7372,7120502.0,1.40439536425943e-07,2.2
2004,Canada,North America,2,39491.57,31911670.0,6.267299705718943e-08,12.0
2004,China,East Asia,2,6067.5913,1296816768.0,1.5422379239315943e-09,6.8
2004,Colombia,South America,37,9211.279,41648272.0,8.883922002814427e-07,6.6
2004,Cyprus,Western Europe,1,25355.24,1018688.0,9.816548344537288e-07,10.5
2004,Djibouti,Sub-Saharan Africa,1,2097.1233,818380.0,1.22192624453188e-06,3.6
2004,Ecuador,South America,2,7958.921,13534598.0,1.4776944243190673e-07,7.2
2004,Egypt,Middle East & North Africa,3,7661.86,77522424.0,3.8698480326156986e-08,5.4
2004,Ethiopia,Sub-Saharan Africa,2,771.4652,75301024.0,2.656006377814995e-08,1.8
2004,France,Western Europe,11,35093.824,60108436.0,1.8300259883654267e-07,10.3
2004,Georgia,Central Asia,3,6342.708,3988861.0,7.520943948661034e-07,12.0
2004,Germany,Western Europe,3,35528.715,81266672.0,3.691550208922053e-08,12.9
2004,Greece,Western Europe,4,25780.385,11115089.0,3.598711625251044e-07,9.6
2004,Guatemala,Central America & Caribbean,2,6070.1943,12852433.0,1.5561255989430172e-07,3.6
2004,Haiti,Central America & Caribbean,2,1439.2076,8961495.0,2.2317704802602692e-07,4.2
2004,Honduras,Central America & Caribbean,1,3686.667,7383408.0,1.3543881091225083e-07,4.6
2004,India,South Asia,108,3212.511,1136264576.0,9.504828565561125e-08,4.7
2004,Indonesia,Southeast Asia,17,6180.91,225938592.0,7.524168336854999e-08,7.3
2004,Iraq,Middle East & North Africa,323,6061.5547,27858950.0,1.1594119663519265e-05,5.7
2004,Israel,Middle East & North Africa,19,25210.879,6595990.0,2.8805380238599512e-06,12.2
2004,Italy,Western Europe,3,34472.13,57860664.0,5.1848696378596694e-08,9.1
2004,Lebanon,Middle East & North Africa,1,9491.61,4574799.0,2.1858883854787938e-07,7.907189542483661
2004,Mauritania,Sub-Saharan Africa,1,2185.9502,2946583.0,3.3937615196992586e-07,3.3
2004,Mexico,North America,1,13287.6,103945816.0,9.62039684213937e-09,7.4
2004,Myanmar,Southeast Asia,2,2664.9414,47338444.0,4.224895942925374e-08,3.5
2004,Nepal,South Asia,62,1802.1438,26003970.0,2.3842513277780276e-06,2.7
2004,Netherlands,Western Europe,1,39682.375,16196036.0,6.174350316336665e-08,11.5
2004,Nigeria,Sub-Saharan Africa,6,3136.6274,136756848.0,4.387348851444719e-08,5.2
2004,Pakistan,South Asia,67,3664.5334,170648624.0,3.926196322567476e-07,4.3
2004,Peru,South America,3,6731.005,27893914.0,1.0755034234349472e-07,8.6
2004,Philippines,Southeast Asia,32,4562.503,84607504.0,3.7821704325422484e-07,8.6
2004,Russia,Eastern Europe,44,14880.979,144353648.0,3.0480698347159195e-07,11.4
2004,Saudi Arabia,Middle East & North Africa,17,30233.512,23661804.0,7.184574768686276e-07,7.5
2004,Spain,Western Europe,31,30088.092,42959672.0,7.216069992340723e-07,8.6
2004,Sri Lanka,South Asia,33,6191.9663,19490434.0,1.6931382851710742e-06,10.3
2004,Syria,Middle East & North Africa,1,7051.4287,18084010.0,5.5297469974856244e-08,5.4
2004,Taiwan,East Asia,2,29975.139,22703098.0,8.809370421605016e-08,7.907189542483661
2004,Tanzania,Sub-Saharan Africa,1,1464.3854,38360884.0,2.6068220951321142e-08,4.5
2004,Thailand,Southeast Asia,44,11408.326,65311164.0,6.736979913571897e-07,6.8
2004,Turkey,Middle East & North Africa,27,13423.795,67785080.0,3.9831774189836467e-07,5.9
2004,Uganda,Sub-Saharan Africa,10,1364.6852,27146082.0,3.6837728553240205e-07,4.4
2004,United Kingdom,Western Europe,5,34865.78,59995852.0,8.33390948427568e-08,12.1
2004,United States,North America,9,48492.72,293947872.0,3.0617673598943424e-08,12.8
2004,Uzbekistan,Central Asia,5,5068.2085,26234924.0,1.9058564835179245e-07,9.7
2005,Afghanistan,South Asia,155,964.4081,24411196.0,6.349545511821707e-06,2.6
2005,Algeria,Middle East & North Africa,104,9969.623,32956690.0,3.1556567118845975e-06,6.9
2005,Argentina,South America,3,15344.157,39070504.0,7.678426671946695e-08,9.1
2005,Bangladesh,South Asia,23,1925.6062,140912592.0,1.6322175097027526e-07,4.5
2005,Bolivia,South America,1,4445.3477,9377395.0,1.0663942384852083e-07,7.0
2005,Burundi,Sub-Saharan Africa,5,691.6197,7388869.0,6.766935507991819e-07,2.3
2005,China,East Asia,1,6626.592,1304887552.0,7.663495589848343e-10,6.9
2005,Colombia,South America,42,9524.723,42220944.0,9.947669573659935e-07,6.8
2005,Croatia,Eastern Europe,1,17581.36,4429687.0,2.25749584564327e-07,9.7
2005,Egypt,Middle East & North Africa,2,8021.8833,79075312.0,2.529234408837995e-08,5.6
2005,Ethiopia,Sub-Saharan Africa,5,829.2432,77469944.0,6.454115934303502e-08,1.9
2005,France,Western Europe,33,35495.465,60510080.0,5.453636815552054e-07,10.4
2005,Georgia,Central Asia,6,6849.789,3961183.0,1.5146990179448917e-06,12.1
2005,Germany,Western Europe,3,36205.574,81212168.0,3.694027722545222e-08,13.3
2005,Greece,Western Europe,6,26091.523,11113450.0,5.398863539224993e-07,9.8
2005,Guinea,Sub-Saharan Africa,1,1186.6049,9140112.0,1.0940784970687449e-07,1.6
2005,Guinea-Bissau,Sub-Saharan Africa,4,1226.5609,1379714.0,2.8991515632950015e-06,2.3
2005,Haiti,Central America & Caribbean,1,1461.8,9111901.0,1.0974658306757284e-07,4.3
2005,Hong Kong,East Asia,1,38191.9,6936872.0,1.4415719361695013e-07,10.5
2005,India,South Asia,146,3396.6487,1154638720.0,1.2644647842746863e-07,4.8
2005,Indonesia,Southeast Asia,15,6482.012,228805152.0,6.555796435912422e-08,7.4
2005,Iran,Middle East & North Africa,5,13110.143,70182592.0,7.124273780027958e-08,7.0
2005,Iraq,Middle East & North Africa,617,6441.41,28698688.0,2.1499240662151525e-05,5.8
2005,Israel,Middle East & North Africa,43,25686.406,6714119.0,6.404414339394342e-06,12.3
2005,Italy,Western Europe,6,34872.125,58199876.0,1.030930031534775e-07,9.2
2005,Jordan,Middle East & North Africa,4,9860.808,5678541.0,7.044062902777315e-07,9.7
2005,Kenya,Sub-Saharan Africa,2,2157.8416,35843016.0,5.5798875853527505e-08,5.8
2005,Kuwait,Middle East & North Africa,2,62959.6,2235409.0,8.946908597039736e-07,5.8
2005,Kyrgyzstan,Central Asia,2,3554.1858,5193112.0,3.851255278145359e-07,10.2
2005,Lebanon,Middle East & North Africa,17,9933.082,4643052.0,3.661384796035022e-06,7.5
2005,Mali,Sub-Saharan Africa,1,1414.7927,13180556.0,7.586933358501721e-08,1.7
2005,Mauritania,Sub-Saharan Africa,1,2371.0066,3012363.0,3.319653043142543e-07,3.4
2005,Mexico,North America,1,13655.801,105442400.0,9.48385089868971e-09,7.6
2005,Myanmar,Southeast Asia,8,2947.0989,47724472.0,1.6762888440127739e-07,3.5
2005,Nepal,South Asia,70,1836.3057,26285112.0,2.6631044980900214e-06,2.8
2005,Nigeria,Sub-Saharan Africa,9,3347.8206,140490720.0,6.406117073070733e-08,5.2
2005,Pakistan,South Asia,77,3883.9346,174372096.0,4.415844149742858e-07,4.5
2005,Peru,South America,2,7091.1333,28147260.0,7.10548735471943e-08,8.7
2005,Philippines,Southeast Asia,25,4721.0005,86261248.0,2.8981727693065607e-07,8.7
2005,Qatar,Middle East & North Africa,1,76808.42,848718.0,1.1782476629457605e-06,8.8
2005,Russia,Eastern Europe,64,16243.101,143800048.0,4.4506243836580636e-07,11.4
2005,Rwanda,Sub-Saharan Africa,1,1210.5105,9026297.0,1.1078740263033667e-07,2.8
2005,Saudi Arabia,Middle East & North Africa,1,32700.332,24397652.0,4.098755076922976e-08,7.6
2005,Senegal,Sub-Saharan Africa,1,2121.1587,10974066.0,9.112392799533008e-08,2.4
2005,Spain,Western Europe,24,30885.602,43685372.0,5.493829833931596e-07,8.9
2005,Sri Lanka,South Asia,133,6491.198,19673866.0,6.760237159285318e-06,10.4
2005,Sweden,Western Europe,3,39258.992,9051739.0,3.3142802725531525e-07,12.4
2005,Tajikistan,Central Asia,1,2416.867,6929153.0,1.443177831403059e-07,10.5
2005,Thailand,Southeast Asia,155,11742.128,65821360.0,2.3548586659406614e-06,7.0
2005,Togo,Sub-Saharan Africa,1,1119.8043,5711605.0,1.750821354067727e-07,4.2
2005,Trinidad and Tobago,Central America & Caribbean,2,26651.832,1369078.0,1.460837147335652e-06,10.0
2005,Turkey,Middle East & North Africa,41,14487.758,68704712.0,5.967567406439314e-07,6.0
2005,Uganda,Sub-Saharan Africa,11,1451.0973,27946586.0,3.936080063589878e-07,4.4
2005,United Kingdom,Western Europe,29,35623.625,60383740.0,4.802617393357881e-07,12.2
2005,United States,North America,21,49654.76,296842656.0,7.074454959734628e-08,12.8
2005,Uruguay,South America,1,12757.499,3317666.0,3.0141671886199516e-07,8.0
2005,Uzbekistan,Central Asia,2,5284.005,26573428.0,7.526315385429385e-08,9.8
2005,Yemen,Middle East & North Africa,7,4485.583,21320676.0,3.283197962391061e-07,1.9
2006,Afghanistan,South Asia,282,1057.0966,25442946.0,1.1083622156019197e-05,2.7
2006,Algeria,Middle East & North Africa,152,10385.779,33435082.0,4.546123140957154e-06,7.0
2006,Australia,Australasia & Oceania,2,42650.984,20467032.0,9.77181254223866e-08,11.9
2006,Austria,Western Europe,1,38866.848,8267771.0,1.2095158416942124e-07,10.1
2006,Bahrain,Middle East & North Africa,1,26840.125,970986.0,1.0298809663579083e-06,8.4
2006,Bangladesh,South Asia,23,2057.6985,142628832.0,1.6125771821506607e-07,4.6
2006,Belarus,Eastern Europe,1,13792.554,9874700.0,1.0126889930833342e-07,10.0
2006,Brazil,South America,3,11766.605,188820688.0,1.5888089550865315e-08,6.4
2006,Burundi,Sub-Saharan Africa,5,703.361,7658194.0,6.528954476734332e-07,2.4
2006,Canada,North America,2,41247.15,32531864.0,6.147818643284627e-08,12.3
2006,Central African Republic,Sub-Saharan Africa,1,881.4852,4294352.0,2.3286400369601748e-07,3.3
2006,Chad,Sub-Saharan Africa,11,1225.5164,10365620.0,1.061200391293526e-06,1.6
2006,Chile,South America,1,17920.803,16334573.0,6.121984333474771e-08,9.5
2006,Colombia,South America,43,10039.683,42772912.0,1.0053091545415472e-06,6.7
2006,Egypt,Middle East & North Africa,5,8509.614,80629664.0,6.201191660677143e-08,5.8
2006,Ethiopia,Sub-Saharan Africa,11,880.6544,79691056.0,1.380330560558766e-07,2.0
2006,France,Western Europe,34,36166.16,60919152.0,5.581167643305343e-07,10.6
2006,Georgia,Central Asia,3,7398.0527,3933866.0,7.626085891080174e-07,12.1
2006,Germany,Western Europe,4,38014.137,81177816.0,4.9274545646805774e-08,13.6
2006,Greece,Western Europe,23,27731.111,11106097.0,2.070934550634665e-06,9.9
2006,Guatemala,Central America & Caribbean,4,6305.8184,13412401.0,2.9823146504492373e-07,3.7
2006,Guinea-Bissau,Sub-Saharan Africa,1,1233.8132,1414094.0,7.07166567427625e-07,2.3
2006,Haiti,Central America & Caribbean,1,1493.0382,9266293.0,1.0791802072306584e-07,4.4
2006,India,South Asia,167,3629.4111,1172373760.0,1.4244604041632592e-07,4.9
2006,Indonesia,Southeast Asia,10,6782.6245,231797424.0,4.314111790992121e-08,7.9
2006,Iran,Middle East & North Africa,14,14185.753,71275768.0,1.964201915018299e-07,9.1
2006,Iraq,Middle East & North Africa,838,7117.6133,28905614.0,2.899090813293224e-05,5.9
2006,Ireland,Western Europe,1,51296.195,4234809.0,2.3613815876938015e-07,11.8
2006,Israel,Middle East & North Africa,81,26571.256,6832082.0,1.1855829599234904e-05,12.1
2006,Italy,Western Europe,4,35713.805,58429904.0,6.845809638845206e-08,9.3
2006,Jordan,Middle East & North Africa,1,10404.562,6075550.0,1.645941519697805e-07,9.8
2006,Kenya,Sub-Saharan Africa,2,2255.2585,36925260.0,5.4163464251842776e-08,5.9
2006,Kyrgyzstan,Central Asia,3,3594.5652,5246785.0,5.717787178243439e-07,10.2
2006,Lebanon,Middle East & North Africa,8,10236.868,4719874.0,1.6949605010642234e-06,7.6
2006,Lesotho,Sub-Saharan Africa,1,2056.3296,1976787.0,5.058713963618741e-07,5.4
2006,Madagascar,Sub-Saharan Africa,1,1322.4795,19350302.0,5.167878000043617e-08,5.7
2006,Mexico,North America,7,14287.559,106886792.0,6.548985023331975e-08,8.0
2006,Moldova,Eastern Europe,1,4243.0703,3942748.0,2.536302091840513e-07,10.6
2006,Myanmar,Southeast Asia,2,3246.6934,48088276.0,4.159017886189141e-08,3.7
2006,Nepal,South Asia,83,1884.1873,26518974.0,3.129834510188818e-06,2.9
2006,Nigeria,Sub-Saharan Africa,37,3564.6323,144329760.0,2.5635738603043474e-07,5.2
2006,Norway,Western Europe,1,71310.53,4661081.0,2.1454250634134014e-07,12.5
2006,Pakistan,South Asia,164,4062.6665,178069984.0,9.209862118031077e-07,4.4
2006,Peru,South America,1,7560.897,28381080.0,3.523474089076244e-08,8.1
2006,Philippines,Southeast Asia,58,4908.6167,87901832.0,6.598269760748558e-07,8.8
2006,Russia,Eastern Europe,56,18008.336,143338672.0,3.9068312283512716e-07,11.4
2006,Saudi Arabia,Middle East & North Africa,3,34483.043,25382870.0,1.1818994463589026e-07,7.8
2006,South Korea,East Asia,1,28516.484,48049348.0,2.081193692784343e-08,11.4
2006,Spain,Western Europe,23,31907.424,44422824.0,5.177518655725264e-07,9.0
2006,Sri Lanka,South Asia,217,6904.036,19870706.0,1.0920598392427527e-05,10.5
2006,Sweden,Western Europe,1,40992.3,9104724.0,1.0983309323819151e-07,12.4
2006,Syria,Middle East & North Africa,1,6901.778,19432012.0,5.1461475013498346e-08,6.2
2006,Thailand,Southeast Asia,202,12180.711,66319528.0,3.0458600368808416e-06,7.0
2006,Turkey,Middle East & North Africa,43,15425.188,69601328.0,6.178043039638554e-07,6.1
2006,United Kingdom,Western Europe,6,36214.07,60803700.0,9.86782054381559e-08,12.4
2006,United States,North America,6,50489.86,299753088.0,2.0016474359056476e-08,12.8
2006,Yemen,Middle East & North Africa,5,4497.2593,21966304.0,2.2762136042549533e-07,2.0
2006,Zimbabwe,Sub-Saharan Africa,1,1455.7286,12330490.0,8.109977786770842e-08,6.8
2007,Afghanistan,South Asia,341,1259.9967,25903306.0,1.3164342806281174e-05,2.9
2007,Algeria,Middle East & North Africa,124,10974.742,33983836.0,3.648793502887667e-06,7.2
2007,Armenia,Central Asia,1,9713.213,3004398.0,3.3284538200331645e-07,11.0
2007,Austria,Western Europe,1,40305.273,8294720.0,1.2055862042359476e-07,11.6
2007,Azerbaijan,Central Asia,1,12699.498,8878408.0,1.1263280534077731e-07,10.2
2007,Bangladesh,South Asia,9,2194.4224,144135936.0,6.244105564347256e-08,4.7
2007,Belgium,Western Europe,1,38082.875,10653698.0,9.386412117182221e-08,11.1
2007,Benin,Sub-Saharan Africa,1,1904.5496,8647761.0,1.1563686831770675e-07,2.8
2007,Bolivia,South America,3,4713.448,9711155.0,3.0892308896315626e-07,7.1
2007,Burundi,Sub-Saharan Africa,3,700.9587,7944613.0,3.776143658602376e-07,2.4
2007,Cameroon,Sub-Saharan Africa,1,2315.607,18251868.0,5.478891256500431e-08,5.2
2007,Central African Republic,Sub-Saharan Africa,1,897.4783,4375582.0,2.2854102608521564e-07,3.4
2007,Chad,Sub-Saharan Africa,7,1422.3408,10722738.0,6.528183380028497e-07,1.7
2007,Chile,South America,8,18487.9,16495543.0,4.849794880956632e-07,9.4
2007,Colombia,South America,30,10602.305,43306592.0,6.92735184518791e-07,7.2
2007,Cuba,Central America & Caribbean,1,5635.6885,11269890.0,8.873201069398193e-08,10.4
2007,Cyprus,Western Europe,1,28109.996,1073875.0,9.312070771737865e-07,11.2
2007,Ethiopia,Sub-Saharan Africa,5,936.3744,81996184.0,6.097844748482441e-08,2.1
2007,Finland,Western Europe,1,39998.527,5288694.0,1.8908259770748696e-07,12.0
2007,France,Western Europe,16,36845.684,61329380.0,2.608863810460826e-07,10.7
2007,Germany,Western Europe,3,39752.207,81183832.0,3.695317067565867e-08,13.7
2007,Greece,Western Europe,15,28822.916,11091491.0,1.3523880603608657e-06,10.0
2007,Haiti,Central America & Caribbean,2,1541.7675,9420832.0,2.1229547453982832e-07,4.5
2007,India,South Asia,149,3870.699,1189691776.0,1.2524252332059492e-07,5.0
2007,Indonesia,Southeast Asia,2,7157.313,234858288.0,8.515773562992165e-09,7.1
2007,Iran,Middle East & North Africa,9,15467.107,72319424.0,1.2444789383278274e-07,8.9
2007,Iraq,Middle East & North Africa,1047,7587.6055,28660888.0,3.653061970724703e-05,6.1
2007,Ireland,Western Europe,1,52322.23,4359841.0,2.2936616266510636e-07,11.9
2007,Israel,Middle East & North Africa,53,27624.883,6952007.0,7.623697732180074e-06,12.5
2007,Jamaica,Central America & Caribbean,1,7402.178,2701222.0,3.7020281931659077e-07,8.4
2007,Kenya,Sub-Saharan Africa,12,2380.7764,38036796.0,3.1548398555966703e-07,6.0
2007,Kyrgyzstan,Central Asia,1,3831.4949,5294777.0,1.8886536675671138e-07,10.3
2007,Latvia,Eastern Europe,1,21042.367,2176059.0,4.5954636340283055e-07,12.3
2007,Lebanon,Middle East & North Africa,18,11276.507,4809608.0,3.742508744995434e-06,7.8
2007,Libya,Middle East & North Africa,1,20731.719,6097177.0,1.6401032805837849e-07,6.8
2007,Mali,Sub-Saharan Africa,5,1441.2059,14080916.0,3.5509053530324306e-07,1.8
2007,Mexico,North America,10,14684.728,108302976.0,9.233356616165376e-08,8.0
2007,Montenegro,Eastern Europe,1,12027.43,631931.0,1.5824512486331578e-06,10.8
2007,Morocco,Middle East & North Africa,6,6228.4316,31232634.0,1.9210675602960672e-07,4.0
2007,Mozambique,Sub-Saharan Africa,1,1067.9666,21280520.0,4.69913329185565e-08,3.0
2007,Myanmar,Southeast Asia,3,3542.5884,48445652.0,6.192506192299775e-08,3.8
2007,Nepal,South Asia,90,1927.3865,26713652.0,3.3690638779003336e-06,3.0
2007,Niger,Sub-Saharan Africa,7,766.1869,14897877.0,4.6986560568327956e-07,1.4
2007,Nigeria,Sub-Saharan Africa,61,3817.4834,148294032.0,4.113449420540403e-07,5.2
2007,Pakistan,South Asia,260,4160.365,181924528.0,1.4291640762151654e-06,4.4
2007,Peru,South America,4,8138.365,28600380.0,1.3985828160325143e-07,8.1
2007,Philippines,Southeast Asia,65,5172.662,89561376.0,7.257592826622047e-07,8.9
2007,Russia,Eastern Europe,51,20018.123,143117680.0,3.5635010293626896e-07,11.4
2007,Saudi Arabia,Middle East & North Africa,1,36070.316,26400066.0,3.7878693182054925e-08,8.1
2007,Senegal,Sub-Saharan Africa,1,2137.6716,11563878.0,8.64761803955386e-08,2.4
2007,South Africa,Sub-Saharan Africa,2,10576.291,49996096.0,4.00031234438785e-08,9.1
2007,Spain,Western Europe,11,32735.434,45245784.0,2.4311657413207825e-07,9.1
2007,Sri Lanka,South Asia,132,7283.6323,20078652.0,6.574146511429154e-06,10.6
2007,Switzerland,Western Europe,2,54509.54,7541909.0,2.651848490879431e-07,12.6
2007,Tajikistan,Central Asia,1,2647.2095,7188397.0,1.391130734710395e-07,10.5
2007,Thailand,Southeast Asia,293,12694.715,66826752.0,4.384471655902115e-06,7.1
2007,Tunisia,Middle East & North Africa,1,9932.938,10580399.0,9.451439402238045e-08,6.1
2007,Turkey,Middle East & North Africa,29,16090.835,70468864.0,4.1152926773447065e-07,6.2
2007,Uganda,Sub-Saharan Africa,1,1569.8298,29629804.0,3.3749801382418866e-08,4.8
2007,Ukraine,Eastern Europe,1,10355.818,46313064.0,2.1592179692537724e-08,11.2
2007,United Kingdom,Western Europe,20,36816.676,61260680.0,3.2647368589444325e-07,12.6
2007,United States,North America,8,50901.746,302743392.0,2.642501937746671e-08,12.9
2007,Venezuela,South America,2,17386.086,27525096.0,7.266096365295147e-08,8.1
2007,Yemen,Middle East & North Africa,7,4516.1436,22641538.0,3.09166276601881e-07,2.2
2007,Zimbabwe,Sub-Saharan Africa,1,1422.1553,12450566.0,8.03176337525539e-08,7.0
2008,Afghanistan,South Asia,414,1319.6074,26427204.0,1.566567541537879e-05,3.0
2008,Algeria,Middle East & North Africa,107,11475.002,34569592.0,3.095205751922094e-06,6.7
2008,Australia,Australasia & Oceania,3,44421.64,21247876.0,1.4119058300227278e-07,12.3
2008,Austria,Western Europe,7,40964.793,8321134.0,8.41231495611055e-07,11.5
2008,Azerbaijan,Central Asia,2,14072.627,8999697.0,2.2222970395558872e-07,10.2
2008,Bahrain,Middle East & North Africa,1,30612.498,1110352.0,9.00615300373215e-07,8.4
2008,Bangladesh,South Asia,19,2321.0505,145421328.0,1.3065483764527305e-07,4.8
2008,Belarus,Eastern Europe,1,16223.997,9787829.0,1.0216770235769342e-07,11.3
2008,Bulgaria,Eastern Europe,2,14761.715,7674912.0,2.605893070826089e-07,10.5
2008,Burundi,Sub-Saharan Africa,7,708.6786,8278112.0,8.456034419442501e-07,2.5
2008,Cambodia,Southeast Asia,2,2482.0068,13943897.0,1.4343192580954952e-07,3.9
2008,Cameroon,Sub-Saharan Africa,1,2352.7996,18777082.0,5.3256411193176874e-08,5.2
2008,Canada,North America,5,41896.426,33218542.0,1.5051834604902286e-07,12.4
2008,Central African Republic,Sub-Saharan Africa,2,901.8513,4467237.0,4.4770402823937926e-07,3.4
2008,Chad,Sub-Saharan Africa,8,1422.2312,11098672.0,7.208069578054023e-07,1.8
2008,Chile,South America,4,18804.03,16661463.0,2.400749562028256e-07,9.9
2008,China,East Asia,20,8190.1123,1330167168.0,1.5035704143917043e-08,7.0
2008,Colombia,South America,133,10846.737,43815316.0,3.0354682367234326e-06,7.3
2008,Croatia,Eastern Europe,2,20717.316,4393666.0,4.552007366968723e-07,10.3
2008,Denmark,Western Europe,1,44246.4,5502752.0,1.8172725210948995e-07,12.9
2008,Ecuador,South America,2,9103.872,14496800.0,1.3796148115446167e-07,7.9
2008,Egypt,Middle East & North Africa,1,9698.017,83844784.0,1.1926800360055791e-08,6.2
2008,Ethiopia,Sub-Saharan Africa,8,989.9804,84357104.0,9.483492937358304e-08,2.2
2008,Finland,Western Europe,1,40129.652,5313358.0,1.882048979195454e-07,12.2
2008,France,Western Europe,13,36761.793,61721004.0,2.1062521925275227e-07,10.7
2008,Georgia,Central Asia,33,8461.917,3879701.0,8.505810112686519e-06,12.2
2008,Germany,Western Europe,3,40715.434,81217488.0,3.693785752152295e-08,13.7
2008,Greece,Western Europe,53,28907.926,11073621.0,4.786148993179376e-06,10.1
2008,Hong Kong,East Asia,1,42635.48,7050673.0,1.418304323573083e-07,11.3
2008,Hungary,Eastern Europe,2,20380.63,10023508.0,1.9953094265999488e-07,11.5
2008,India,South Asia,534,4030.6543,1206734848.0,4.425164325742584e-07,5.2
2008,Indonesia,Southeast Asia,13,7633.166,237936544.0,5.463641600173868e-08,7.1
2008,Iran,Middle East & North Africa,8,15739.984,73318400.0,1.0911312849162011e-07,8.6
2008,Iraq,Middle East & North Africa,1106,8587.265,29218384.0,3.785288056998635e-05,6.2
2008,Ireland,Western Europe,5,49583.14,4452393.0,1.122991613723227e-06,12.0
2008,Israel,Middle East & North Africa,134,27857.62,7074530.0,1.8941187612463302e-05,12.6
2008,Italy,Western Europe,2,35942.938,59224228.0,3.376996319816951e-08,9.5
2008,Japan,East Asia,3,35496.227,128077632.0,2.3423293772327085e-08,11.4
2008,Kazakhstan,Central Asia,1,18665.766,16196521.0,6.174165427254409e-08,11.5
2008,Kenya,Sub-Saharan Africa,11,2357.2324,39186896.0,2.807060809307275e-07,6.0
2008,Lebanon,Middle East & North Africa,58,12479.107,4887615.0,1.1866728455494142e-05,7.8
2008,Liberia,Sub-Saharan Africa,1,811.158,3783892.0,2.642781559304547e-07,4.0
2008,Libya,Middle East & North Africa,1,25140.6,6228377.0,1.6055547055035366e-07,7.0
2008,Malaysia,Southeast Asia,2,17865.64,27664304.0,7.229533047352284e-08,9.4
2008,Mali,Sub-Saharan Africa,9,1460.496,14551122.0,6.185090056972926e-07,1.9
2008,Mauritania,Sub-Saharan Africa,2,2895.665,3233342.0,6.185550430483382e-07,3.6
2008,Mexico,North America,8,14808.09,109684496.0,7.293647043790036e-08,8.0
2008,Myanmar,Southeast Asia,20,3585.7651,48729480.0,4.1042916936523844e-07,3.9
2008,Nepal,South Asia,120,2021.154,26881542.0,4.464029630443075e-06,3.1
2008,Netherlands,Western Europe,1,44840.71,16460775.0,6.075048106787195e-08,12.0
2008,New Zealand,Australasia & Oceania,5,31444.633,4260235.0,1.173644176905734e-06,11.8
2008,Niger,Sub-Saharan Africa,9,809.4504,15455181.0,5.823289937529686e-07,1.4
2008,Nigeria,Sub-Saharan Africa,76,4084.2002,152382512.0,4.987448953459961e-07,5.2
2008,Pakistan,South Asia,568,4224.405,185931952.0,3.054881067456335e-06,4.4
2008,Peru,South America,1,8812.618,28806184.0,3.4714768190052524e-08,8.4
2008,Philippines,Southeast Asia,276,5328.6826,91252328.0,3.0245803701577895e-06,9.0
2008,Romania,Eastern Europe,1,16347.344,20597516.0,4.854954354690148e-08,10.6
2008,Russia,Eastern Europe,170,21563.46,143086544.0,1.1880921521173926e-06,11.4
2008,Rwanda,Sub-Saharan Africa,1,1364.745,9781999.0,1.0222859356252234e-07,3.2
2008,Senegal,Sub-Saharan Africa,2,2146.7915,11872933.0,1.684503736355625e-07,2.4
2008,Serbia,Eastern Europe,4,11650.228,7722801.0,5.179467915850739e-07,10.4
2008,South Africa,Sub-Saharan Africa,1,10977.146,50565816.0,1.977620612312476e-08,9.7
2008,Spain,Western Europe,37,32844.324,45966544.0,8.049332575448788e-07,9.2
2008,Sri Lanka,South Asia,100,7622.4087,20285640.0,4.929595516828653e-06,11.0
2008,Sweden,Western Europe,1,42189.965,9229282.0,1.0835079045152159e-07,12.2
2008,Syria,Middle East & North Africa,1,6600.379,21474060.0,4.656781251426139e-08,6.3
2008,Taiwan,East Asia,1,34762.367,22998324.0,4.348142934241643e-08,7.907189542483661
2008,Tanzania,Sub-Saharan Africa,1,1848.1746,42870888.0,2.3325852265994583e-08,5.0
2008,Thailand,Southeast Asia,200,12768.129,67328240.0,2.9705217305546677e-06,7.3
2008,Tunisia,Middle East & North Africa,2,10294.922,10680381.0,1.8725923728750875e-07,6.3
2008,Turkey,Middle East & North Africa,32,16182.732,71320728.0,4.486774167532334e-07,6.3
2008,Uganda,Sub-Saharan Africa,7,1679.3995,30509868.0,2.2943396543046336e-07,5.2
2008,Ukraine,Eastern Europe,1,10824.076,46062936.0,2.1709428161504947e-08,11.3
2008,United Kingdom,Western Europe,39,36264.79,61742152.0,6.316592269087089e-07,12.8
2008,United States,North America,18,50275.746,305694912.0,5.888223615576565e-08,13.2
2008,Venezuela,South America,1,18019.09,27933836.0,3.5798878464096376e-08,8.2
2008,Yemen,Middle East & North Africa,22,4549.009,23329008.0,9.430319540376513e-07,2.3
2008,Zimbabwe,Sub-Saharan Africa,5,1197.5261,12550353.0,3.98395168645854e-07,7.0
2009,Afghanistan,South Asia,503,1557.3206,27385310.0,1.8367511633061667e-05,3.1
2009,Albania,Eastern Europe,1,8859.472,2930553.0,3.4123252505585123e-07,9.3
2009,Algeria,Middle East & North Africa,108,11907.021,35196040.0,3.0685270274724087e-06,6.9
2009,Angola,Sub-Saharan Africa,1,7087.604,22507674.0,4.4429291094228574e-08,4.7
2009,Argentina,South America,1,17328.977,40684344.0,2.4579479516739902e-08,9.3
2009,Armenia,Central Asia,1,8399.087,2964300.0,3.373477718179671e-07,11.1
2009,Australia,Australasia & Oceania,1,44686.543,21660898.0,4.616613771044949e-08,12.3
2009,Austria,Western Europe,3,39463.656,8342939.0,3.595855129709087e-07,11.7
2009,Azerbaijan,Central Asia,2,15384.293,9119630.0,2.1930714294329923e-07,10.7
2009,Bangladesh,South Asia,27,2448.887,146706816.0,1.84040528832689e-07,4.8
2009,Belgium,Western Europe,1,36998.65,10801357.0,9.258095996641904e-08,11.1
2009,Bolivia,South America,3,5011.3384,10051322.0,2.9846820149628077e-07,7.9
2009,Cameroon,Sub-Saharan Africa,1,2370.1306,19319276.0,5.1761774095468175e-08,5.2
2009,Canada,North America,4,40312.62,33593920.0,1.1906916489650508e-07,12.5
2009,Central African Republic,Sub-Saharan Africa,5,898.7005,4564544.0,1.0953996719058902e-06,3.5
2009,Chad,Sub-Saharan Africa,3,1533.1794,11496138.0,2.6095720145321846e-07,1.8
2009,Chile,South America,8,18184.48,16833450.0,4.752442309805774e-07,9.9
2009,China,East Asia,7,8734.041,1339125632.0,5.2272914749196585e-09,7.1
2009,Colombia,South America,139,10894.103,44313916.0,3.1367121786302974e-06,7.3
2009,Croatia,Eastern Europe,1,19501.588,4382142.0,2.2819890364118735e-07,10.6
2009,Ecuador,South America,1,9081.37,14742768.0,6.782986749842363e-08,7.9
2009,Egypt,Middle East & North Africa,2,10159.002,85501064.0,2.3391521771003926e-08,6.4
2009,Equatorial Guinea,Sub-Saharan Africa,1,47161.285,1043698.0,9.581315667942259e-07,5.5
2009,Ethiopia,Sub-Saharan Africa,2,1043.5319,86755584.0,2.305327113007504e-08,2.3
2009,France,Western Europe,9,35534.926,62093300.0,1.449431742233059e-07,10.8
2009,Georgia,Central Asia,25,8062.084,3855203.0,6.484742826772027e-06,12.2
2009,Germany,Western Europe,4,38962.938,81260624.0,4.922433280847068e-08,13.8
2009,Greece,Western Europe,115,27839.898,11055503.0,1.040205949923762e-05,10.1
2009,Guinea-Bissau,Sub-Saharan Africa,1,1292.0293,1527207.0,6.547900841208821e-07,2.5
2009,Honduras,Central America & Caribbean,8,4200.1606,8277309.0,9.66497686627381e-07,5.2
2009,Hungary,Eastern Europe,1,19461.07,10008581.0,9.991426357043021e-08,11.7
2009,India,South Asia,672,4270.708,1223640192.0,5.491810455340127e-07,5.3
2009,Indonesia,Southeast Asia,19,7935.844,240981296.0,7.88442933761963e-08,7.4
2009,Iran,Middle East & North Africa,15,16575.07,74322688.0,2.0182262514509702e-07,8.8
2009,Iraq,Middle East & North Africa,1137,9268.709,30289044.0,3.753832573916826e-05,6.3
2009,Israel,Middle East & North Africa,36,27644.697,7199704.0,5.00020556400652e-06,12.6
2009,Italy,Western Europe,4,34055.227,59562844.0,6.715596051793632e-08,9.6
2009,Japan,East Asia,1,33590.01,128117040.0,7.805362971233179e-09,11.4
2009,Kenya,Sub-Saharan Africa,1,2404.6296,40364448.0,2.477427661094238e-08,6.1
2009,Lebanon,Middle East & North Africa,14,14039.347,4951138.0,2.8276327583678743e-06,7.9
2009,Lesotho,Sub-Saharan Africa,1,2199.395,2009178.0,4.977159813615319e-07,5.9
2009,Madagascar,Sub-Saharan Africa,1,1367.6863,21117092.0,4.7355005130441255e-08,5.9
2009,Malaysia,Southeast Asia,1,17430.445,28217208.0,3.5439367353424906e-08,9.6
2009,Mali,Sub-Saharan Africa,6,1477.4185,15032645.0,3.991313571231144e-07,1.9
2009,Mauritania,Sub-Saharan Africa,5,2855.5747,3322625.0,1.5048342801249012e-06,3.7
2009,Mexico,North America,1,14026.989,111049424.0,9.004999431604435e-09,8.2
2009,Moldova,Eastern Europe,1,4342.528,3749496.0,2.667025114842101e-07,11.0
2009,Myanmar,Southeast Asia,14,3673.4368,49015836.0,2.856219773544207e-07,4.0
2009,Nepal,South Asia,39,2085.2437,27026952.0,1.44300400577912e-06,3.2
2009,Netherlands,Western Europe,1,43178.508,16536200.0,6.047338566296973e-08,11.9
2009,Niger,Sub-Saharan Africa,4,775.2534,16037917.0,2.494089475584641e-07,1.4
2009,Nigeria,Sub-Saharan Africa,42,4416.347,156595744.0,2.6820652290524574e-07,5.2
2009,Pakistan,South Asia,667,4288.462,190123232.0,3.5082509011839226e-06,4.5
2009,Panama,Central America & Caribbean,1,14515.766,3559339.0,2.8095104175241524e-07,9.3
2009,Peru,South America,4,8836.017,29009326.0,1.3788669202448896e-07,8.4
2009,Philippines,Southeast Asia,229,5338.306,92946952.0,2.463770947540055e-06,9.0
2009,Russia,Eastern Europe,152,20335.559,143163648.0,1.0617220371473072e-06,11.5
2009,Rwanda,Sub-Saharan Africa,1,1384.2589,10043736.0,9.95645445081392e-08,3.3
2009,Saudi Arabia,Middle East & North Africa,3,39671.555,28483800.0,1.0532302571988288e-07,8.6
2009,Senegal,Sub-Saharan Africa,3,2129.3364,12195028.0,2.460018951986006e-07,2.4
2009,Serbia,Eastern Europe,3,11576.589,7688037.0,3.9021664437879267e-07,10.4
2009,Spain,Western Europe,21,31669.691,46367772.0,4.529007777212155e-07,9.3
2009,Sri Lanka,South Asia,37,7796.6475,20482484.0,1.8064215258266527e-06,10.9
2009,Sweden,Western Europe,1,40116.312,9301413.0,1.0751054705344231e-07,12.2
2009,Tajikistan,Central Asia,1,2853.8884,7468603.0,1.3389384868897167e-07,10.9
2009,Thailand,Southeast Asia,298,12543.398,67813656.0,4.394395134808835e-06,7.5
2009,Turkey,Middle East & North Africa,13,15188.42,72225648.0,1.7999146231266765e-07,6.5
2009,Uganda,Sub-Saharan Africa,2,1757.3862,31412526.0,6.366886890917337e-08,5.2
2009,Ukraine,Eastern Europe,2,9381.225,45863884.0,4.3607296756637535e-08,11.3
2009,United Kingdom,Western Europe,23,34402.36,62243384.0,3.6951718434846024e-07,13.1
2009,United States,North America,11,48452.934,308512032.0,3.565501134166463e-08,13.2
2009,Uzbekistan,Central Asia,2,6618.0977,28167840.0,7.100295940334793e-08,10.5
2009,Venezuela,South America,3,17242.945,28327896.0,1.05902676287713e-07,8.3
2009,Yemen,Middle East & North Africa,23,4593.5425,24029594.0,9.571530838182284e-07,2.5
2010,Afghanistan,South Asia,542,1627.6716,28189672.0,1.9226899837642667e-05,3.2
2010,Algeria,Middle East & North Africa,100,12587.744,35856348.0,2.788906444125319e-06,7.1
2010,Angola,Sub-Saharan Africa,2,7520.666,23364196.0,8.560106241190581e-08,4.7
2010,Argentina,South America,5,18979.992,41100124.0,1.2165413418217426e-07,9.8
2010,Australia,Australasia & Oceania,1,45400.223,22019166.0,4.541498074904381e-08,12.4
2010,Bahrain,Middle East & North Africa,2,34057.715,1213655.0,1.6479147698481034e-06,8.4
2010,Bangladesh,South Asia,22,2599.2085,148391136.0,1.4825683388528004e-07,4.9
2010,Belarus,Eastern Europe,2,17172.46,9731426.0,2.055197254749715e-07,12.0
2010,Burundi,Sub-Saharan Africa,29,717.6115,9126612.0,3.1775208587808925e-06,2.6
2010,Cameroon,Sub-Saharan Africa,3,2420.1328,19878044.0,1.5092028169371193e-07,5.3
2010,Canada,North America,2,41209.426,33963416.0,5.88868917072417e-08,12.6
2010,Central African Republic,Sub-Saharan Africa,13,910.3104,4660066.0,2.7896600606085836e-06,3.6
2010,Chad,Sub-Saharan Africa,1,1720.3344,11894734.0,8.407081654789422e-08,1.9
2010,Chile,South America,5,18909.848,17004166.0,2.94045588592819e-07,9.8
2010,China,East Asia,1,9658.419,1348191360.0,7.417344671308382e-10,7.3
2010,Colombia,South America,136,11191.687,44816104.0,3.0346234469645108e-06,7.4
2010,Denmark,Western Europe,1,42932.4,5550850.0,1.801525892430889e-07,12.7
2010,Egypt,Middle East & North Africa,2,10719.291,87252416.0,2.292200138045461e-08,6.5
2010,Ethiopia,Sub-Saharan Africa,2,1106.383,89237800.0,2.2412027190271388e-08,2.3
2010,France,Western Europe,3,36086.727,62444568.0,4.804260956693623e-08,10.9
2010,Georgia,Central Asia,7,8443.437,3836834.0,1.8244208636599863e-06,12.2
2010,Germany,Western Europe,1,41109.582,81325088.0,1.2296328532715513e-08,13.8
2010,Greece,Western Europe,49,26517.465,11033784.0,4.440906220386406e-06,10.3
2010,India,South Asia,663,4525.7456,1240613632.0,5.34412957345289e-07,5.4
2010,Indonesia,Southeast Asia,4,8386.434,244016176.0,1.6392355890373432e-08,7.4
2010,Iran,Middle East & North Africa,14,17751.33,75373864.0,1.857407761395913e-07,9.0
2010,Iraq,Middle East & North Africa,1179,10274.33,31264880.0,3.7710043985455885e-05,6.4
2010,Ireland,Western Europe,4,48623.81,4524581.0,8.840597615558214e-07,12.2
2010,Israel,Middle East & North Africa,14,28575.531,7328439.0,1.9103659046626436e-06,12.6
2010,Italy,Western Europe,10,34765.938,59822452.0,1.6716131929864726e-07,9.7
2010,Jordan,Middle East & North Africa,2,11601.088,6931263.0,2.8854770046959697e-07,9.8
2010,Kenya,Sub-Saharan Africa,12,2579.531,41517896.0,2.8903198755543873e-07,6.1
2010,Kyrgyzstan,Central Asia,1,3977.649,5483781.0,1.823559328864519e-07,10.6
2010,Lebanon,Middle East & North Africa,5,15622.367,4995799.0,1.0008409065296662e-06,7.9
2010,Mali,Sub-Saharan Africa,1,1504.9956,15529183.0,6.439488799893723e-08,2.0
2010,Mauritania,Sub-Saharan Africa,1,2982.7488,3419462.0,2.924436651145707e-07,3.8
2010,Mexico,North America,5,14697.298,112532400.0,4.443164812978307e-08,8.0
2010,Myanmar,Southeast Asia,11,3772.9985,49390988.0,2.227126940647553e-07,4.1
2010,Nepal,South Asia,38,2152.2747,27161572.0,1.3990353724740232e-06,3.3
2010,Netherlands,Western Europe,1,43812.348,16617121.0,6.017889621192504e-08,12.0
2010,Niger,Sub-Saharan Africa,3,810.1573,16647545.0,1.8020675120565824e-07,1.4
2010,Nigeria,Sub-Saharan Africa,63,4904.8657,160952864.0,3.914189436231467e-07,5.2
2010,Norway,Western Europe,1,78476.15,4889747.0,2.0450955846999855e-07,12.7
2010,Pakistan,South Asia,713,4354.267,194454496.0,3.66666759918989e-06,4.7
2010,Paraguay,South America,2,7139.027,5768618.0,3.467034912001453e-07,7.7
2010,Philippines,Southeast Asia,205,5694.047,94636704.0,2.1661785685181935e-06,8.9
2010,Poland,Eastern Europe,1,20608.693,38597356.0,2.5908510417138418e-08,12.2
2010,Russia,Eastern Europe,251,21737.385,143242592.0,1.7522721174998006e-06,11.5
2010,Rwanda,Sub-Saharan Africa,8,1416.3923,10309032.0,7.760185437391212e-07,3.8
2010,Senegal,Sub-Saharan Africa,1,2151.3247,12530128.0,7.980764442310565e-08,2.4
2010,Serbia,Eastern Europe,1,11963.555,7653749.0,1.3065492479567857e-07,10.4
2010,Spain,Western Europe,3,31786.404,46572776.0,6.441531421704388e-08,9.4
2010,Sri Lanka,South Asia,3,8319.703,20668556.0,1.4514802098414616e-07,10.8
2010,Sweden,Western Europe,3,42634.754,9381722.0,3.1977072013005717e-07,12.3
2010,Tajikistan,Central Asia,1,2975.9268,7621785.0,1.3120286127199862e-07,10.9
2010,Tanzania,Sub-Saharan Africa,1,2068.8638,45110532.0,2.216777226214047e-08,5.1
2010,Thailand,Southeast Asia,253,13343.547,68270488.0,3.7058472469099677e-06,7.7
2010,Trinidad and Tobago,Central America & Caribbean,1,30235.994,1410297.0,7.090705007526783e-07,10.7
2010,Turkey,Middle East & North Africa,20,16528.12,73195352.0,2.7324139379779196e-07,6.7
2010,Uganda,Sub-Saharan Africa,6,1831.2906,32341724.0,1.8551886720695532e-07,5.7
2010,Ukraine,Eastern Europe,4,9601.209,45683024.0,8.755987782244888e-08,11.3
2010,United Arab Emirates,Middle East & North Africa,2,60112.402,8481775.0,2.3579969994488182e-07,9.9
2010,United Kingdom,Western Europe,57,34754.473,62760048.0,9.082211026989654e-07,13.2
2010,United States,North America,17,49266.914,311182848.0,5.463026034134118e-08,13.2
2010,Yemen,Middle East & North Africa,112,4812.345,24743944.0,4.526360066123654e-06,2.6
2010,Zimbabwe,Sub-Saharan Africa,1,1401.8564,12839774.0,7.78829907753828e-08,7.3
2011,Afghanistan,South Asia,421,1792.0,29249156.0,1.4393577715541603e-05,3.3
2011,Algeria,Middle East & North Africa,15,13204.0,36543548.0,4.1046917502372785e-07,7.4
2011,Argentina,South America,1,20003.0,41520736.0,2.408435149126451e-08,9.8
2011,Austria,Western Europe,1,41446.0,8391201.0,1.1917245219128942e-07,11.8
2011,Bahrain,Middle East & North Africa,1,36372.0,1212086.0,8.250239669462398e-07,8.6
2011,Bangladesh,South Asia,13,2772.0,150211008.0,8.654492219371832e-08,5.1
2011,Belarus,Eastern Europe,1,17918.0,9706983.0,1.0301862071871353e-07,12.0
2011,Bulgaria,Eastern Europe,2,15112.0,7543128.0,2.6514199414354364e-07,10.7
2011,Burundi,Sub-Saharan Africa,8,719.0,9455737.0,8.460472197989432e-07,2.6
2011,Cameroon,Sub-Saharan Africa,3,2494.0,20448880.0,1.4670730132897253e-07,5.5
2011,Central African Republic,Sub-Saharan Africa,3,909.0,4732037.0,6.339764460844241e-07,3.7
2011,Chile,South America,6,19705.0,17173568.0,3.493741079314444e-07,9.8
2011,China,East Asia,4,10221.0,1357095424.0,2.947471437351188e-09,7.4
2011,Colombia,South America,94,11788.0,45308896.0,2.074647768950274e-06,7.5
2011,Ecuador,South America,1,9985.0,15237734.0,6.562655575953747e-08,8.0
2011,Egypt,Middle East & North Africa,18,10737.0,89200056.0,2.017935952865321e-07,6.7
2011,Estonia,Eastern Europe,1,21997.0,1327435.0,7.533325548896933e-07,12.5
2011,Ethiopia,Sub-Saharan Africa,3,1199.0,91817936.0,3.2673354800743944e-08,2.4
2011,France,Western Europe,8,36691.0,62775272.0,1.274387150405338e-07,10.9
2011,Georgia,Central Asia,3,8946.0,3821667.0,7.849977509814434e-07,12.2
2011,Germany,Western Europe,8,43189.0,81423384.0,9.825187319652546e-08,13.9
2011,Greece,Western Europe,11,24349.0,11004730.0,9.995701848205271e-07,10.3
2011,Honduras,Central America & Caribbean,1,4421.0,8622510.0,1.1597551061117934e-07,5.6
2011,India,South Asia,645,4768.0,1257621248.0,5.128730140539101e-07,5.4
2011,Indonesia,Southeast Asia,21,8849.0,247099696.0,8.498594024980104e-08,7.6
2011,Iran,Middle East & North Africa,13,18024.0,76342968.0,1.7028418386877493e-07,9.2
2011,Iraq,Middle East & North Africa,1308,11484.0,32378066.0,4.039771862840727e-05,6.6
2011,Ireland,Western Europe,4,48980.0,4544504.0,8.801840640914828e-07,10.9
2011,Israel,Middle East & North Africa,51,29370.0,7459750.0,6.836690237608499e-06,12.7
2011,Italy,Western Europe,5,35151.0,60025952.0,8.329730447257213e-08,9.8
2011,Kazakhstan,Central Asia,5,21302.0,16864920.0,2.96473389734431e-07,11.5
2011,Kenya,Sub-Saharan Africa,42,2712.0,42635148.0,9.851027138453934e-07,6.2
2011,Kuwait,Middle East & North Africa,1,77126.0,3143827.0,3.1808366045587116e-07,7.0
2011,Kyrgyzstan,Central Asia,1,4142.0,5552339.0,1.801042767741667e-07,10.6
2011,Lebanon,Middle East & North Africa,10,16230.0,5045061.0,1.9821365886358954e-06,8.0
2011,Libya,Middle East & North Africa,2,12893.0,6188135.0,3.231991545110118e-07,7.3
2011,Madagascar,Sub-Saharan Africa,1,1347.0,22348158.0,4.4746417132007034e-08,6.1
2011,Mali,Sub-Saharan Africa,4,1500.0,16039734.0,2.4938069421849517e-07,2.0
2011,Mauritania,Sub-Saharan Africa,3,3104.0,3524250.0,8.512449457331347e-07,3.9
2011,Mexico,North America,2,15210.0,114150480.0,1.7520732282509895e-08,8.4
2011,Morocco,Middle East & North Africa,1,7226.0,32903708.0,3.039171147519301e-08,4.4
2011,Myanmar,Southeast Asia,2,3884.0,49794528.0,4.016505588726536e-08,4.3
2011,Nepal,South Asia,46,2189.0,27266398.0,1.6870581878838562e-06,3.3
2011,Netherlands,Western Europe,2,44591.0,16701470.0,1.197499381790944e-07,12.0
2011,Niger,Sub-Saharan Africa,2,799.0,17283118.0,1.1571986027058311e-07,1.5
2011,Nigeria,Sub-Saharan Africa,175,5136.0,165463744.0,1.0576335079182059e-06,5.5
2011,Norway,Western Europe,3,80623.0,4953565.0,6.056244341196693e-07,12.8
2011,Pakistan,South Asia,1012,4464.0,198602736.0,5.095599488619331e-06,4.8
2011,Paraguay,South America,4,7377.0,5843938.0,6.844699584424065e-07,7.8
2011,Philippines,Southeast Asia,151,5851.0,96337912.0,1.5673995508642536e-06,9.0
2011,Portugal,Western Europe,2,25133.0,10564820.0,1.8930753197877485e-07,8.3
2011,Russia,Eastern Europe,188,23130.0,143364544.0,1.3113423637018647e-06,11.6
2011,Rwanda,Sub-Saharan Africa,2,1449.0,10576932.0,1.8909074956707672e-07,3.8
2011,Saudi Arabia,Middle East & North Africa,2,48470.0,30150952.0,6.63328972166451e-08,9.1
2011,Senegal,Sub-Saharan Africa,4,2123.0,12875878.0,3.106584265554551e-07,2.4
2011,Sweden,Western Europe,1,42079.0,9467384.0,1.0562579905916988e-07,12.4
2011,Switzerland,Western Europe,3,58686.0,7910988.0,3.7921938448143264e-07,13.3
2011,Syria,Middle East & North Africa,49,5979.0,22730734.0,2.155671699822804e-06,6.3
2011,Thailand,Southeast Asia,182,13318.0,68712848.0,2.6487040676876033e-06,7.5
2011,Tunisia,Middle East & North Africa,3,10437.0,11032529.0,2.7192314654237483e-07,6.9
2011,Turkey,Middle East & North Africa,51,17919.0,74173856.0,6.875737995878225e-07,7.2
2011,Ukraine,Eastern Europe,3,10333.0,45516136.0,6.59106915402485e-08,11.3
2011,United Kingdom,Western Europe,47,34971.0,63286360.0,7.426560794458711e-07,13.0
2011,United States,North America,10,49675.0,313876608.0,3.18596535871829e-08,13.3
2011,Yemen,Middle East & North Africa,118,4088.0,25475608.0,4.6318816021976785e-06,2.8
2011,Zimbabwe,Sub-Saharan Africa,1,1515.0,13025789.0,7.677078140909545e-08,7.3
2012,Afghanistan,South Asia,1469,1945.0,30466484.0,4.8216919287437305e-05,3.4
2012,Algeria,Middle East & North Africa,41,13379.0,37260568.0,1.100358963932058e-06,7.6
2012,Argentina,South America,2,19599.0,41952364.0,4.7673118015471074e-08,9.8
2012,Bahrain,Middle East & North Africa,26,36949.0,1224948.0,2.122539079209893e-05,8.8
2012,Bangladesh,South Asia,18,2914.0,152090656.0,1.1835046592211424e-07,5.1
2012,Belarus,Eastern Europe,3,18251.0,9693754.0,3.094776285843441e-07,12.0
2012,Belgium,Western Europe,1,37906.0,11031140.0,9.065246203021628e-08,11.2
2012,Bolivia,South America,1,5511.0,10569697.0,9.461009147187473e-08,8.3
2012,Brazil,South America,1,14985.0,199977712.0,5.000557262101288e-09,7.3
2012,Bulgaria,Eastern Europe,2,15204.0,7488347.0,2.6708164031394376e-07,10.8
2012,Burundi,Sub-Saharan Africa,4,727.0,9795479.0,4.083516487555126e-07,2.7
2012,Canada,North America,3,42445.0,34691876.0,8.647557716394467e-08,12.8
2012,Central African Republic,Sub-Saharan Africa,4,916.0,4773306.0,8.379936253824917e-07,3.8
2012,Chile,South America,2,20531.0,17341770.0,1.1532848146411813e-07,9.9
2012,China,East Asia,4,10680.0,1366560768.0,2.9270560765871483e-09,7.5
2012,Colombia,South America,115,12123.0,45782420.0,2.511881198066856e-06,7.6
2012,Cyprus,Western Europe,1,26011.0,1156556.0,8.646360401052781e-07,11.8
2012,Ecuador,South America,1,10398.0,15483884.0,6.458327897574019e-08,8.1
2012,Egypt,Middle East & North Africa,49,10767.0,91240384.0,5.370428953915845e-07,6.8
2012,Ethiopia,Sub-Saharan Africa,3,1287.0,94451280.0,3.176240703143462e-08,2.4
2012,France,Western Europe,66,36571.0,63071412.0,1.0464328910220053e-06,11.0
2012,Georgia,Central Asia,3,9491.0,3804358.0,7.885693197117621e-07,12.5
2012,Germany,Western Europe,5,43320.0,81545568.0,6.131541078970717e-08,14.0
2012,Greece,Western Europe,22,22693.0,10963633.0,2.006634114804828e-06,10.3
2012,Guatemala,Central America & Caribbean,1,6714.0,15128307.0,6.610124979616027e-08,4.6
2012,Guinea-Bissau,Sub-Saharan Africa,1,1361.0,1652720.0,6.050631685948013e-07,2.8
2012,Iceland,Western Europe,1,36990.0,320988.0,3.1153812603586427e-06,11.5
2012,India,South Asia,611,4932.0,1274487168.0,4.794085145312346e-07,5.6
2012,Indonesia,Southeast Asia,39,9285.0,250222688.0,1.5586116635434754e-07,7.6
2012,Iran,Middle East & North Africa,5,16745.0,77324448.0,6.466260192377966e-08,9.5
2012,Iraq,Middle East & North Africa,1437,12652.0,33864452.0,4.24338772704782e-05,6.6
2012,Ireland,Western Europe,29,48333.0,4564550.0,6.353309745758071e-06,11.3
2012,Israel,Middle East & North Africa,65,29517.0,7592099.0,8.561532192875777e-06,12.8
2012,Italy,Western Europe,10,34068.0,60190152.0,1.6614013534971634e-07,9.9
2012,Jordan,Middle East & North Africa,2,11523.0,7211866.0,2.7732073779518365e-07,9.9
2012,Kazakhstan,Central Asia,4,22089.0,17102868.0,2.3387890264954392e-07,11.5
2012,Kenya,Sub-Saharan Africa,80,2765.0,43725808.0,1.8295831148506163e-06,6.2
2012,Laos,Southeast Asia,1,4670.0,6508806.0,1.5363800979780315e-07,5.0
2012,Lebanon,Middle East & North Africa,15,16315.0,5178338.0,2.8966822945894994e-06,8.1
2012,Liberia,Sub-Saharan Africa,1,853.0,4331749.0,2.308536344095653e-07,4.3
2012,Libya,Middle East & North Africa,57,29766.0,5869880.0,9.71059033574792e-06,7.3
2012,Madagascar,Sub-Saharan Africa,1,1351.0,22966242.0,4.354216941544028e-08,6.1
2012,Malaysia,Southeast Asia,2,20134.0,29660216.0,6.743039228035292e-08,10.1
2012,Mali,Sub-Saharan Africa,19,1448.0,16514689.0,1.1504909356755067e-06,2.1
2012,Mexico,North America,16,15639.0,115755912.0,1.3822188191994893e-07,8.6
2012,Moldova,Eastern Europe,1,4905.0,3507197.0,2.851279811199656e-07,11.4
2012,Mozambique,Sub-Saharan Africa,1,967.0,24487614.0,4.083697170332724e-08,3.3
2012,Myanmar,Southeast Asia,17,4124.0,50218196.0,3.3852271395810394e-07,4.5
2012,Nepal,South Asia,46,2258.0,27330696.0,1.6830892268532056e-06,4.0
2012,Niger,Sub-Saharan Africa,1,864.0,17954410.0,5.5696622723887894e-08,1.6
2012,Nigeria,Sub-Saharan Africa,616,5223.0,170075936.0,3.6219115677834637e-06,5.7
2012,Pakistan,South Asia,1654,4569.0,202205856.0,8.179782884230613e-06,4.8
2012,Paraguay,South America,4,7193.0,5923327.0,6.752961637944351e-07,7.8
2012,Peru,South America,6,10533.0,29749592.0,2.0168343821320306e-07,8.6
2012,Philippines,Southeast Asia,249,6144.0,98032320.0,2.539978651938463e-06,9.1
2012,Russia,Eastern Europe,151,23931.0,143629360.0,1.0513170844735367e-06,11.7
2012,Rwanda,Sub-Saharan Africa,6,1531.0,10840331.0,5.534886342492679e-07,3.7
2012,Saudi Arabia,Middle East & North Africa,6,49867.0,30821554.0,1.9466896445260351e-07,9.4
2012,Senegal,Sub-Saharan Africa,12,2163.0,13231840.0,9.069033482871619e-07,2.6
2012,Serbia,Eastern Europe,3,12384.0,7591357.0,3.951862624824521e-07,10.5
2012,South Africa,Sub-Saharan Africa,4,11992.0,53145036.0,7.52657313093174e-08,9.8
2012,Spain,Western Europe,1,30699.0,46756084.0,2.1387590971048816e-08,9.5
2012,Sri Lanka,South Asia,4,9678.0,21017150.0,1.903207618540097e-07,10.9
2012,Sweden,Western Europe,2,41650.0,9555984.0,2.0929294146997315e-07,12.4
2012,Syria,Middle East & North Africa,180,4829.0,22605582.0,7.962635069515131e-06,6.3
2012,Tajikistan,Central Asia,5,3285.0,7956383.0,6.284262585147045e-07,10.7
2012,Thailand,Southeast Asia,279,14227.0,69157024.0,4.034297369418326e-06,7.7
2012,Tunisia,Middle East & North Africa,3,10739.0,11174384.0,2.6847117478690546e-07,6.8
2012,Turkey,Middle East & North Africa,188,18170.0,75277440.0,2.4974281803419457e-06,7.5
2012,Uganda,Sub-Saharan Africa,4,1877.0,34273296.0,1.1670893864424361e-07,5.3
2012,Ukraine,Eastern Europe,8,10383.0,45406228.0,1.7618728426417627e-07,11.3
2012,United Kingdom,Western Europe,55,35185.0,63808728.0,8.619510484521804e-07,12.9
2012,United States,North America,20,50394.0,316651328.0,6.316095412048927e-08,13.3
2012,Venezuela,South America,1,18549.0,29470428.0,3.3932320222834905e-08,9.7
2012,Yemen,Middle East & North Africa,312,4077.0,26223390.0,1.1897775230433594e-05,3.0
2013,Afghanistan,South Asia,1443,2025.0,31541216.0,4.5749662917244534e-05,3.5
2013,Albania,Eastern Europe,1,9660.0,2887019.0,3.4637804600523934e-07,9.7
2013,Algeria,Middle East & North Africa,22,13494.0,38000628.0,5.789378007121356e-07,7.8
2013,Argentina,South America,2,19873.0,42388268.0,4.7182866730954894e-08,9.8
2013,Armenia,Central Asia,1,9385.0,2901386.0,3.4466286112912934e-07,11.4
2013,Australia,Australasia & Oceania,1,47250.0,23111788.0,4.326796351714545e-08,12.6
2013,Austria,Western Europe,1,41375.0,8479542.0,1.179308976829173e-07,11.9
2013,Bahrain,Middle East & North Africa,52,38493.0,1261683.0,4.1214790085940766e-05,9.0
2013,Bangladesh,South Asia,139,3057.0,154030144.0,9.024207625229513e-07,5.1
2013,Brazil,South America,3,15306.0,201721776.0,1.4871969003485275e-08,7.4
2013,Bulgaria,Eastern Europe,3,15420.0,7431169.0,4.0370498908045287e-07,10.9
2013,Burkina Faso,Sub-Saharan Africa,1,1422.0,17636414.0,5.67008690088586e-08,1.4
2013,Burundi,Sub-Saharan Africa,2,738.0,10149583.0,1.9705243062695286e-07,2.8
2013,Cambodia,Southeast Asia,2,2782.0,14999691.0,1.333360800565825e-07,4.6
2013,Cameroon,Sub-Saharan Africa,3,2612.0,21632852.0,1.3867796996900825e-07,5.9
2013,Canada,North America,4,42994.0,35063696.0,1.1407810517179935e-07,12.9
2013,Central African Republic,Sub-Saharan Africa,20,567.0,4802437.0,4.164552288765058e-06,4.0
2013,Chile,South America,5,21135.0,17509926.0,2.855523204381332e-07,9.9
2013,China,East Asia,12,11328.0,1376100352.0,8.720294259469822e-09,7.5
2013,Colombia,South America,149,12568.0,46237928.0,3.2224627366520404e-06,7.8
2013,Croatia,Eastern Europe,2,19298.0,4308854.0,4.6416054013433736e-07,11.0
2013,Cyprus,Western Europe,9,24519.0,1166972.0,7.712267303757074e-06,12.0
2013,Denmark,Western Europe,1,43733.0,5625393.0,1.7776535790477217e-07,13.2
2013,Dominican Republic,Central America & Caribbean,1,12251.0,10157054.0,9.845374456018447e-08,7.6
2013,Ecuador,South America,2,10760.0,15722988.0,1.272022849600852e-07,8.3
2013,Egypt,Middle East & North Africa,321,10775.0,93377896.0,3.437644386418816e-06,6.9
2013,Ethiopia,Sub-Saharan Africa,5,1365.0,97084376.0,5.1501592800060844e-08,2.5
2013,France,Western Europe,18,36632.0,63335180.0,2.842022395768039e-07,11.2
2013,Georgia,Central Asia,2,9829.0,3786025.0,5.282585297244472e-07,12.6
2013,Greece,Western Europe,54,22118.0,10914501.0,4.947546388057502e-06,10.4
2013,Guatemala,Central America & Caribbean,6,6829.0,15422663.0,3.89037872382999e-07,4.7
2013,Guinea,Sub-Saharan Africa,2,1421.0,11055433.0,1.8090652803920026e-07,2.6
2013,Honduras,Central America & Caribbean,2,4561.0,8960654.0,2.2319799425354445e-07,5.8
2013,India,South Asia,694,5172.0,1291132032.0,5.375128048871767e-07,5.8
2013,Indonesia,Southeast Asia,32,9703.0,253275920.0,1.2634442310978477e-07,7.8
2013,Iran,Middle East & North Africa,11,16248.0,78458928.0,1.4020074299256294e-07,9.8
2013,Iraq,Middle East & North Africa,2852,13158.0,35481804.0,8.03792276176262e-05,6.6
2013,Ireland,Western Europe,27,48743.0,4588830.0,5.883852746778591e-06,11.8
2013,Israel,Middle East & North Africa,37,30257.0,7726675.0,4.7886057068532065e-06,12.8
2013,Italy,Western Europe,7,33094.0,60312600.0,1.1606198373142594e-07,10.3
2013,Japan,East Asia,1,36354.0,127678920.0,7.832146449860322e-09,12.2
2013,Jordan,Middle East & North Africa,1,11488.0,7694818.0,1.2995758964019682e-07,9.9
2013,Kazakhstan,Central Asia,4,23131.0,17345734.0,2.306042511663098e-07,11.6
2013,Kenya,Sub-Saharan Africa,80,2854.0,44792368.0,1.7860185467309967e-06,6.3
2013,Lebanon,Middle East & North Africa,121,15055.0,5678859.0,2.130709707707129e-05,8.3
2013,Libya,Middle East & North Africa,291,13326.0,5985228.0,4.861970170559919e-05,7.3
2013,Madagascar,Sub-Saharan Africa,2,1345.0,23588078.0,8.47885953234511e-08,6.1
2013,Malaysia,Southeast Asia,13,20760.0,30134806.0,4.3139484621205126e-07,10.1
2013,Mali,Sub-Saharan Africa,58,1443.0,17004038.0,3.4109545038654935e-06,2.2
2013,Mexico,North America,8,15680.0,117290680.0,6.820661283573426e-08,8.4
2013,Montenegro,Eastern Europe,2,16064.0,633951.0,3.1548179591167142e-06,11.2
2013,Mozambique,Sub-Saharan Africa,18,1011.0,25251738.0,7.12822222375347e-07,3.4
2013,Myanmar,Southeast Asia,18,4424.0,50648336.0,3.5539173488345203e-07,4.7
2013,Nepal,South Asia,104,2316.0,27381558.0,3.798176860498588e-06,4.2
2013,Niger,Sub-Saharan Africa,4,880.0,18653204.0,2.1444037174525085e-07,1.7
2013,Nigeria,Sub-Saharan Africa,346,5370.0,174726128.0,1.9802419017721264e-06,5.9
2013,Pakistan,South Asia,2215,4703.0,205337552.0,1.0787116036135465e-05,4.9
2013,Paraguay,South America,10,8102.0,6005656.0,1.665097035194823e-06,8.3
2013,Peru,South America,10,11034.0,30038810.0,3.3290266824817627e-07,8.8
2013,Philippines,Southeast Asia,651,6472.0,99700112.0,6.529581431162284e-06,9.1
2013,Russia,Eastern Europe,144,24224.0,143956864.0,1.0002996453159747e-06,11.8
2013,Rwanda,Sub-Saharan Africa,4,1554.0,11101352.0,3.6031647316471e-07,3.8
2013,Saudi Arabia,Middle East & North Africa,6,50005.0,31482502.0,1.9058205729646264e-07,9.5
2013,Senegal,Sub-Saharan Africa,3,2185.0,13595571.0,2.2066009585033242e-07,2.8
2013,South Africa,Sub-Saharan Africa,13,12171.0,53873608.0,2.413055386971669e-07,9.9
2013,Spain,Western Europe,5,30280.0,46603460.0,1.0728817130745227e-07,9.5
2013,Sri Lanka,South Asia,14,9928.0,21131762.0,6.625098276234608e-07,10.9
2013,Switzerland,Western Europe,2,59036.0,8088370.0,2.472686091264371e-07,13.4
2013,Syria,Middle East & North Africa,285,4124.0,21495830.0,1.3258385463599219e-05,6.3
2013,Taiwan,East Asia,2,39971.0,23330332.0,8.572531243875998e-08,7.907189542483661
2013,Tanzania,Sub-Saharan Africa,7,2372.0,49253648.0,1.4212145260793678e-07,5.5
2013,Thailand,Southeast Asia,472,14562.0,69578600.0,6.783694986676938e-06,7.5
2013,Trinidad and Tobago,Central America & Caribbean,3,30987.0,1440731.0,2.0822762889116704e-06,10.8
2013,Tunisia,Middle East & North Africa,29,10898.0,11300284.0,2.5663071830761066e-06,6.8
2013,Turkey,Middle East & North Africa,42,18788.0,76576120.0,5.484738584300171e-07,7.7
2013,Ukraine,Eastern Europe,5,10404.0,45307104.0,1.1035796946986504e-07,11.3
2013,United Arab Emirates,Middle East & North Africa,1,70791.0,8751853.0,1.1426151696103671e-07,10.3
2013,United Kingdom,Western Europe,137,35618.0,64302296.0,2.130561558797216e-06,12.6
2013,United States,North America,20,50863.0,319375168.0,6.262227625661868e-08,13.2
2013,Venezuela,South America,1,21429.0,29838022.0,3.351428590005061e-08,9.9
2013,Yemen,Middle East & North Africa,425,4165.0,26984008.0,1.5750069448541522e-05,3.0
2013,Zimbabwe,Sub-Saharan Africa,3,1604.0,13555420.0,2.2131368854672154e-07,8.0
2014,Afghanistan,South Asia,1824,2022.0,32716214.0,5.57521723020885e-05,3.5
2014,Albania,Eastern Europe,2,9808.0,2884100.0,6.934572310252765e-07,9.7
2014,Algeria,Middle East & North Africa,13,13744.0,38760168.0,3.3539586309326624e-07,7.9
2014,Argentina,South America,1,19183.0,42824064.0,2.3351356844600268e-08,9.8
2014,Australia,Australasia & Oceania,8,47867.0,23469578.0,3.408668021214527e-07,12.7
2014,Azerbaijan,Central Asia,3,17439.0,9741879.0,3.0794880535880195e-07,10.7
2014,Bahrain,Middle East & North Africa,42,39799.0,1311142.0,3.20331436259383e-05,9.1
2014,Bangladesh,South Asia,130,3217.0,155961312.0,8.335400512660473e-07,5.2
2014,Belgium,Western Europe,2,38228.0,11176727.0,1.7894326308587479e-07,11.5
2014,Brazil,South America,3,15258.0,203459648.0,1.4744938514785988e-08,7.4
2014,Bulgaria,Eastern Europe,1,15711.0,7372142.0,1.3564578652988508e-07,10.9
2014,Burundi,Sub-Saharan Africa,5,748.0,10494920.0,4.7642097319465035e-07,2.8
2014,Cameroon,Sub-Saharan Africa,68,2696.0,22299590.0,3.0493834191570336e-06,6.0
2014,Canada,North America,3,43607.0,35404616.0,8.473471368818122e-08,13.0
2014,Central African Republic,Sub-Saharan Africa,94,561.0,4798739.0,1.958847939010644e-05,4.1
2014,Chad,Sub-Saharan Africa,1,2279.0,13697128.0,7.300800576588026e-08,2.2
2014,Chile,South America,17,21335.0,17687108.0,9.611520436240905e-07,10.1
2014,China,East Asia,37,11944.0,1385189632.0,2.6711144196609175e-08,7.6
2014,Colombia,South America,231,12972.0,46677944.0,4.948804086143983e-06,8.0
2014,Cyprus,Western Europe,5,24411.0,1176997.0,4.248099188018321e-06,11.9
2014,Djibouti,Sub-Saharan Africa,1,2823.0,989091.0,1.011029318839217e-06,4.1
2014,Dominican Republic,Central America & Caribbean,1,13017.0,10282116.0,9.725624569884253e-08,7.8
2014,Egypt,Middle East & North Africa,354,11016.0,95592328.0,3.7032260580577137e-06,7.0
2014,Ethiopia,Sub-Saharan Africa,2,1459.0,99746768.0,2.005077497849354e-08,2.5
2014,France,Western Europe,14,36527.0,63588496.0,2.2016560982980318e-07,11.4
2014,Georgia,Central Asia,2,10297.0,3774232.0,5.299091311821849e-07,12.6
2014,Germany,Western Europe,13,43922.0,81858824.0,1.5881000196142568e-07,14.0
2014,Ghana,Sub-Saharan Africa,1,3747.0,28196356.0,3.5465575764471125e-08,6.9
2014,Greece,Western Europe,26,22344.0,10862972.0,2.3934518104253604e-06,10.5
2014,Honduras,Central America & Caribbean,1,4620.0,9127851.0,1.0955481197052844e-07,6.2
2014,Hungary,Eastern Europe,1,22040.0,9867906.0,1.0133862239871357e-07,11.8
2014,Iceland,Western Europe,1,38563.0,327650.0,3.0520372348542653e-06,12.2
2014,India,South Asia,860,5458.0,1307246464.0,6.578713530182477e-07,6.1
2014,Indonesia,Southeast Asia,35,10090.0,256229760.0,1.3659615495093153e-07,7.8
2014,Iran,Middle East & North Africa,9,16493.0,79961672.0,1.125539245852688e-07,9.8
2014,Iraq,Middle East & North Africa,3933,12817.0,36746484.0,0.00010703064815670528,6.6
2014,Ireland,Western Europe,33,52651.0,4622165.0,7.1395114627020026e-06,12.3
2014,Israel,Middle East & North Africa,293,30686.0,7863849.0,3.725910810342366e-05,12.9
2014,Italy,Western Europe,7,32829.0,60322792.0,1.160423741659703e-07,10.1
2014,Jamaica,Central America & Caribbean,1,7005.0,2784542.0,3.5912548634568987e-07,9.6
2014,Japan,East Asia,5,36537.0,127476728.0,3.922284544360128e-08,12.5
2014,Jordan,Middle East & North Africa,3,11523.0,8658030.0,3.464991458796054e-07,10.1
2014,Kenya,Sub-Saharan Africa,115,2942.0,45831860.0,2.5091715675514806e-06,6.3
2014,Kyrgyzstan,Central Asia,2,4644.0,5814426.0,3.439720447039828e-07,10.8
2014,Lebanon,Middle East & North Africa,204,13416.0,6274345.0,3.2513353983563224e-05,8.4
2014,Liberia,Sub-Saharan Africa,1,884.0,4519410.0,2.2126782035708201e-07,4.4
2014,Libya,Middle East & North Africa,728,9736.0,6097767.0,0.00011938796611940076,7.3
2014,Madagascar,Sub-Saharan Africa,1,1354.0,24215980.0,4.1295045668191004e-08,6.1
2014,Malaysia,Southeast Asia,12,21683.0,30606454.0,3.9207416840905515e-07,10.1
2014,Mali,Sub-Saharan Africa,69,1505.0,17551824.0,3.931215354028162e-06,2.3
2014,Malta,Western Europe,1,26998.0,446449.0,2.239897502290295e-06,11.1
2014,Mexico,North America,5,15856.0,118755888.0,4.2103175549493595e-08,8.4
2014,Mozambique,Sub-Saharan Africa,22,1060.0,26038704.0,8.448961207900363e-07,3.4
2014,Myanmar,Southeast Asia,15,4728.0,51072436.0,2.937005002071959e-07,4.8
2014,Nepal,South Asia,7,2421.0,27462110.0,2.548966557922898e-07,4.5
2014,Netherlands,Western Europe,1,44205.0,16954080.0,5.898285250511971e-08,12.1
2014,New Zealand,Australasia & Oceania,1,33339.0,4514198.0,2.2152329162345118e-07,12.2
2014,Nicaragua,Central America & Caribbean,2,4685.0,6208680.0,3.2212966363220526e-07,6.5
2014,Niger,Sub-Saharan Africa,5,911.0,19372012.0,2.581043208108688e-07,1.7
2014,Nigeria,Sub-Saharan Africa,714,5569.0,179379024.0,3.980398510809157e-06,5.9
2014,Pakistan,South Asia,2151,4850.0,208251632.0,1.0328850628166986e-05,5.1
2014,Paraguay,South America,15,8382.0,6090727.0,2.4627601926666556e-06,8.2
2014,Peru,South America,12,11186.0,30353956.0,3.953356195152948e-07,9.4
2014,Philippines,Southeast Asia,597,6763.0,101325208.0,5.89191980735929e-06,9.2
2014,Russia,Eastern Europe,48,24387.0,144285072.0,3.326747482234337e-07,11.9
2014,Rwanda,Sub-Saharan Africa,2,1615.0,11368450.0,1.7592547796753296e-07,4.0
2014,Saudi Arabia,Middle East & North Africa,14,50693.0,32125570.0,4.357899330657791e-07,9.5
2014,Senegal,Sub-Saharan Africa,2,2224.0,13970314.0,1.4316070490613169e-07,2.8
2014,South Africa,Sub-Saharan Africa,20,12242.0,54729556.0,3.65433258767895e-07,10.0
2014,Spain,Western Europe,4,30819.0,46464548.0,8.608713895161533e-08,9.7
2014,Sri Lanka,South Asia,16,10342.0,21239448.0,7.533152462342713e-07,10.9
2014,Sweden,Western Europe,5,42476.0,9747507.0,5.129516706169075e-07,12.3
2014,Syria,Middle East & North Africa,331,3536.0,20072232.0,1.6490443115643543e-05,5.6
2014,Taiwan,East Asia,1,41472.0,23422504.0,4.269398352968581e-08,7.907189542483661
2014,Tajikistan,Central Asia,1,3633.0,8326354.0,1.2010058664332553e-07,10.6
2014,Tanzania,Sub-Saharan Africa,11,2467.0,50814552.0,2.1647342281006433e-07,5.6
2014,Thailand,Southeast Asia,423,14642.0,69960944.0,6.04623059402972e-06,7.6
2014,Tunisia,Middle East & North Africa,23,11040.0,11428953.0,2.0124328098995595e-06,6.9
2014,Turkey,Middle East & North Africa,94,19277.0,78112064.0,1.203399259812159e-06,7.6
2014,Turkmenistan,Central Asia,1,21546.0,5663159.0,1.7657989118793944e-07,9.8
2014,Uganda,Sub-Saharan Africa,6,1923.0,36336544.0,1.6512302325724758e-07,5.5
2014,Ukraine,Eastern Europe,895,9818.0,45148072.0,1.9823659358034158e-05,11.3
2014,United Arab Emirates,Middle East & North Africa,2,72601.0,8835957.0,2.2634786475307655e-07,10.5
2014,United Kingdom,Western Europe,103,36436.0,64773504.0,1.5901563701108404e-06,12.7
2014,United States,North America,29,51664.0,322033952.0,9.005261656385845e-08,13.3
2014,Venezuela,South America,4,20317.0,30193260.0,1.3247989783150279e-07,10.0
2014,Yemen,Middle East & North Africa,763,4054.0,27753310.0,2.749221624375615e-05,3.0
2014,Zimbabwe,Sub-Saharan Africa,1,1594.0,13855758.0,7.21721612054714e-08,8.2
2015,Afghanistan,South Asia,1928,1928.0,33753500.0,5.712000237012458e-05,3.6
2015,Albania,Eastern Europe,4,10032.0,2882482.0,1.3876929673801953e-06,9.7
2015,Algeria,Middle East & North Africa,16,14004.0,39543148.0,4.046213012681742e-07,7.9
2015,Argentina,South America,1,19502.0,43257064.0,2.311761149577789e-08,9.8
2015,Armenia,Central Asia,2,10042.0,2878598.0,6.947826685073775e-07,11.6
2015,Australia,Australasia & Oceania,14,48357.0,23820240.0,5.877354720187538e-07,12.8
2015,Bahrain,Middle East & North Africa,18,40483.0,1362157.0,1.321433579242334e-05,9.3
2015,Bangladesh,South Asia,469,3402.0,157830000.0,2.9715516695178357e-06,5.2
2015,Brazil,South America,5,15826.0,205188208.0,2.436787205627333e-08,7.6
2015,Bulgaria,Eastern Europe,2,16373.0,7309255.0,2.736256978310375e-07,11.8
2015,Burkina Faso,Sub-Saharan Africa,6,1450.0,18718022.0,3.205466902432319e-07,1.4
2015,Burundi,Sub-Saharan Africa,102,694.0,10727153.0,9.508580701701561e-06,2.9
2015,Cameroon,Sub-Saharan Africa,83,2778.0,23012650.0,3.6067119605955856e-06,6.1
2015,Canada,North America,5,43619.0,35732120.0,1.3993012449303317e-07,13.1
2015,Central African Republic,Sub-Saharan Africa,48,576.0,4819341.0,9.95986795705056e-06,4.2
2015,Chad,Sub-Saharan Africa,27,2384.0,14140277.0,1.909439256387976e-06,2.3
2015,Chile,South America,1,21589.0,17870122.0,5.595932697045941e-08,10.3
2015,China,East Asia,17,12244.0,1393715456.0,1.219761173402672e-08,7.7
2015,Colombia,South America,136,13218.0,47119728.0,2.8862645387087126e-06,8.1
2015,Cyprus,Western Europe,3,24963.0,1187286.0,2.526771140230745e-06,11.9
2015,Denmark,Western Europe,4,44635.0,5677795.0,7.044988415397174e-07,12.5
2015,Djibouti,Sub-Saharan Africa,1,2941.0,1006266.0,9.937730182675356e-07,4.1
2015,Ecuador,South America,1,10905.0,16195904.0,6.174400638581212e-08,8.4
2015,Egypt,Middle East & North Africa,647,11159.0,97723792.0,6.620700924090215e-06,7.1
2015,Estonia,Eastern Europe,2,24493.0,1314658.0,1.521308203350225e-06,12.7
2015,Ethiopia,Sub-Saharan Africa,7,1553.0,102471896.0,6.831141291657178e-08,2.6
2015,Finland,Western Europe,9,36836.0,5479457.0,1.6424985176450878e-06,12.4
2015,France,Western Europe,37,36827.0,63809768.0,5.798485272662329e-07,11.5
2015,Georgia,Central Asia,1,10603.0,3771135.0,2.651721563932344e-07,12.7
2015,Germany,Western Europe,65,44293.0,82073232.0,7.919756346380998e-07,14.1
2015,Greece,Western Europe,31,22442.0,10806644.0,2.8686056466743978e-06,10.6
2015,Guinea,Sub-Saharan Africa,2,1364.0,11626003.0,1.7202816823632334e-07,2.6
2015,Hungary,Eastern Europe,1,22788.0,9844250.0,1.015821418594611e-07,11.8
2015,India,South Asia,884,5794.0,1322866560.0,6.68245782855075e-07,6.3
2015,Indonesia,Southeast Asia,29,10484.0,259091968.0,1.1192936710411649e-07,7.9
2015,Iran,Middle East & North Africa,9,16253.0,81790848.0,1.1003676108114199e-07,9.8
2015,Iraq,Middle East & North Africa,2751,13014.0,37757812.0,7.285909469542356e-05,6.6
2015,Ireland,Western Europe,28,54278.0,4665764.0,6.001160795959675e-06,12.3
2015,Israel,Middle East & North Africa,58,30954.0,8007777.0,7.24295893854187e-06,13.0
2015,Italy,Western Europe,5,33118.0,60232908.0,8.301110084208453e-08,10.2
2015,Japan,East Asia,10,37031.0,127250936.0,7.858488365067901e-08,12.5
2015,Jordan,Middle East & North Africa,4,11519.0,9494250.0,4.213076335676857e-07,10.3
2015,Kenya,Sub-Saharan Africa,71,3046.0,46851496.0,1.5154265298166786e-06,6.3
2015,Kuwait,Middle East & North Africa,1,71354.0,3908745.0,2.558365920519246e-07,7.1
2015,Kyrgyzstan,Central Asia,3,4754.0,5914985.0,5.071864087567424e-07,10.8
2015,Laos,Southeast Asia,2,5559.0,6787420.0,2.946627731892236e-07,5.1
2015,Lebanon,Middle East & North Africa,44,12953.0,6398941.0,6.876137785924265e-06,8.5
2015,Lesotho,Sub-Saharan Africa,1,2710.0,2118532.0,4.7202496823271964e-07,6.1
2015,Libya,Middle East & North Africa,543,8514.0,6192241.0,8.769038543557978e-05,7.3
2015,Malaysia,Southeast Asia,5,22432.0,31068834.0,1.6093297868854686e-07,10.2
2015,Mali,Sub-Saharan Africa,121,1553.0,18112910.0,6.680318071474987e-06,2.3
2015,Malta,Western Europe,1,28700.0,456585.0,2.19017269511701e-06,11.2
2015,Mexico,North America,19,16096.0,120149896.0,1.581358006335686e-07,8.6
2015,Montenegro,Eastern Europe,1,17249.0,633969.0,1.5773641928864029e-06,11.3
2015,Morocco,Middle East & North Africa,1,8001.0,34680456.0,2.883468429596197e-08,5.0
2015,Mozambique,Sub-Saharan Africa,8,1103.0,26843252.0,2.980264835274057e-07,3.5
2015,Myanmar,Southeast Asia,37,5021.0,51483956.0,7.186704922209164e-07,4.9
2015,Nepal,South Asia,48,2455.0,27610328.0,1.7384798905684858e-06,4.7
2015,Netherlands,Western Europe,3,44869.0,17041110.0,1.760448703165463e-07,12.1
2015,Niger,Sub-Saharan Africa,41,913.0,20128132.0,2.0369500756453705e-06,1.8
2015,Nigeria,Sub-Saharan Africa,638,5578.0,183995776.0,3.4674709054190463e-06,6.0
2015,Pakistan,South Asia,1243,5030.0,210969296.0,5.891852622952299e-06,5.1
2015,Paraguay,South America,19,8539.0,6177954.0,3.075451840528434e-06,8.5
2015,Peru,South America,10,11445.0,30711864.0,3.2560706833033646e-07,9.1
2015,Philippines,Southeast Asia,721,7047.0,103031360.0,6.997869386563469e-06,9.3
2015,Qatar,Middle East & North Africa,1,156029.0,2414580.0,4.1415070115713704e-07,9.8
2015,Russia,Eastern Europe,21,23691.0,144668384.0,1.4515956713804173e-07,12.0
2015,Saudi Arabia,Middle East & North Africa,103,51681.0,32749838.0,3.145053725151251e-06,9.5
2015,Senegal,Sub-Saharan Africa,2,2311.0,14356191.0,1.393127188123925e-07,2.9
2015,South Africa,Sub-Saharan Africa,5,12246.0,55876504.0,8.948304997750039e-08,10.1
2015,South Korea,East Asia,1,35269.0,50994396.0,1.9609997929968617e-08,12.1
2015,Spain,Western Europe,1,31847.0,46431344.0,2.1537175404614608e-08,9.7
2015,Sri Lanka,South Asia,11,10763.0,21336692.0,5.15543834067624e-07,10.9
2015,Sweden,Western Europe,32,43746.0,9849344.0,3.248947341061496e-06,12.4
2015,Syria,Middle East & North Africa,491,3049.0,19205178.0,2.556602183015435e-05,5.1
2015,Tajikistan,Central Asia,3,3789.0,8524066.0,3.519447174623003e-07,10.5
2015,Tanzania,Sub-Saharan Africa,14,2566.0,52542824.0,2.664493252208903e-07,5.8
2015,Thailand,Southeast Asia,278,15020.0,70294408.0,3.954795380025108e-06,7.6
2015,Trinidad and Tobago,Central America & Caribbean,1,30702.0,1460180.0,6.848470736484543e-07,10.8
2015,Tunisia,Middle East & North Africa,17,11060.0,11557779.0,1.4708708308058149e-06,7.0
2015,Turkey,Middle East & North Africa,422,19836.0,79646176.0,5.298433913512684e-06,7.8
2015,Uganda,Sub-Saharan Africa,10,1954.0,37477356.0,2.668277879581473e-07,5.7
2015,Ukraine,Eastern Europe,637,8961.0,44982568.0,1.416104122823757e-05,11.3
2015,United Kingdom,Western Europe,114,36941.0,65224368.0,1.7478130259537355e-06,12.8
2015,United States,North America,38,52591.0,324607776.0,1.170643552297404e-07,13.3
2015,Uzbekistan,Central Asia,1,9720.0,30949416.0,3.231078738287017e-08,11.4
2015,Venezuela,South America,3,18802.0,30529722.0,9.826489740063798e-08,10.1
2015,Yemen,Middle East & North Africa,664,2844.0,28516552.0,2.3284722500812863e-05,3.0
2016,Afghanistan,South Asia,1617,1929.0,34636212.0,4.6685243755870304e-05,3.6
2016,Albania,Eastern Europe,2,10342.0,2881064.0,6.941879805516295e-07,10.0
2016,Algeria,Middle East & North Africa,9,14331.0,40339328.0,2.2310733584852975e-07,8.0
2016,Angola,Sub-Saharan Africa,2,8453.0,29154742.0,6.859947517285524e-08,5.1
2016,Argentina,South America,2,18875.0,43668236.0,4.579988071879066e-08,9.9
2016,Armenia,Central Asia,2,10080.0,2865841.0,6.978754229561235e-07,11.7
2016,Australia,Australasia & Oceania,9,48845.0,24195706.0,3.7196682750236756e-07,12.9
2016,Austria,Western Europe,3,41445.0,8736491.0,3.4338729359419015e-07,12.1
2016,Azerbaijan,Central Asia,2,16645.0,9976254.0,2.0047605042934954e-07,10.7
2016,Bahrain,Middle East & North Africa,3,41078.0,1409668.0,2.128160673293286e-06,9.4
2016,Bangladesh,South Asia,88,3604.0,159784576.0,5.507415183803472e-07,5.2
2016,Belgium,Western Europe,6,38766.0,11316837.0,5.301834779452951e-07,11.8
2016,Brazil,South America,2,13873.0,206859584.0,9.668394189558073e-09,7.8
2016,Bulgaria,Eastern Europe,1,17037.0,7245982.0,1.380075192016762e-07,11.8
2016,Burkina Faso,Sub-Saharan Africa,10,1483.0,19275504.0,5.187931791563011e-07,1.5
2016,Burundi,Sub-Saharan Africa,83,665.0,10903329.0,7.612353988401157e-06,3.0
2016,Cameroon,Sub-Saharan Africa,56,2828.0,23711626.0,2.3617106646334586e-06,6.3
2016,Canada,North America,6,43745.0,36113532.0,1.661427079467054e-07,13.1
2016,Central African Republic,Sub-Saharan Africa,38,589.0,4904182.0,7.748488942702372e-06,4.3
2016,Chad,Sub-Saharan Africa,5,2189.0,14592587.0,3.426397252248693e-07,2.3
2016,Chile,South America,18,21696.0,18083880.0,9.95361614874684e-07,10.3
2016,China,East Asia,5,12569.0,1401889664.0,3.5666144978439617e-09,7.8
2016,Colombia,South America,109,13326.0,47625960.0,2.288667776985493e-06,8.3
2016,Cyprus,Western Europe,2,25577.0,1197889.0,1.6696037779794288e-06,12.1
2016,Denmark,Western Europe,1,44836.0,5706856.0,1.7522783122616027e-07,12.6
2016,Ecuador,South America,2,10527.0,16439588.0,1.2165755005539069e-07,8.7
2016,Egypt,Middle East & North Africa,376,11351.0,99784032.0,3.768137972215835e-06,7.2
2016,Ethiopia,Sub-Saharan Africa,13,1635.0,105293232.0,1.2346472563402746e-07,2.7
2016,Finland,Western Europe,3,37239.0,5495217.0,5.459293054305225e-07,12.4
2016,France,Western Europe,26,37124.0,63989320.0,4.0631780428358984e-07,11.5
2016,Georgia,Central Asia,4,10899.0,3771112.0,1.060695094709465e-06,12.8
2016,Germany,Western Europe,44,44689.0,82331432.0,5.344252970117172e-07,14.1
2016,Ghana,Sub-Saharan Africa,1,3878.0,29554298.0,3.3836026150917205e-08,7.1
2016,Greece,Western Europe,31,22574.0,10749742.0,2.883790141195947e-06,10.8
2016,Guinea,Sub-Saharan Africa,1,1417.0,11930991.0,8.381533436744692e-08,2.6
2016,Haiti,Central America & Caribbean,1,1728.0,10713845.0,9.333717260236638e-08,5.2
2016,Honduras,Central America & Caribbean,1,4796.0,9460798.0,1.0569932895724018e-07,6.5
2016,Hungary,Eastern Europe,1,23279.0,9815106.0,1.0188376977283791e-07,11.9
2016,India,South Asia,1025,6125.0,1338636288.0,7.657046273050085e-07,6.4
2016,Indonesia,Southeast Asia,19,10911.0,261850176.0,7.256057754186883e-08,8.0
2016,Iran,Middle East & North Africa,10,16783.0,83306232.0,1.2003903861598254e-07,9.8
2016,Iraq,Middle East & North Africa,3360,13898.0,38697940.0,8.682632718950932e-05,6.7
2016,Ireland,Western Europe,15,56597.0,4715791.0,3.1808025419277487e-06,12.5
2016,Israel,Middle East & North Africa,50,31701.0,8159015.0,6.1281907191002836e-06,13.0
2016,Italy,Western Europe,11,33419.0,60118628.0,1.8297157413505845e-07,10.2
2016,Japan,East Asia,1,37465.0,126993856.0,7.8743966952228e-09,12.7
2016,Jordan,Middle East & North Africa,9,11529.0,9964659.0,9.031919707438057e-07,10.4
2016,Kazakhstan,Central Asia,3,23842.0,18078558.0,1.6594243855068528e-07,11.7
2016,Kenya,Sub-Saharan Africa,65,3169.0,47894668.0,1.3571448078520975e-06,6.4
2016,Kuwait,Middle East & North Africa,2,71010.0,4048090.0,4.94060161705891e-07,7.2
2016,Kyrgyzstan,Central Asia,4,4879.0,6018303.0,6.646391848333326e-07,10.9
2016,Laos,Southeast Asia,4,5859.0,6891366.0,5.804364475780273e-07,5.2
2016,Lebanon,Middle East & North Africa,41,12972.0,6258628.0,6.550956535521843e-06,8.6
2016,Libya,Middle East & North Africa,422,8096.0,6282202.0,6.71738985788741e-05,7.3
2016,Madagascar,Sub-Saharan Africa,1,1381.0,25501944.0,3.921269688302978e-08,6.1
2016,Malaysia,Southeast Asia,19,23053.0,31526414.0,6.026692411004943e-07,10.2
2016,Mali,Sub-Saharan Africa,99,1594.0,18700108.0,5.2940870715826884e-06,2.3
2016,Mexico,North America,5,16133.0,121519224.0,4.114575320197897e-08,8.6
2016,Moldova,Eastern Europe,1,6068.0,3225125.0,3.1006550133715745e-07,11.6
2016,Mozambique,Sub-Saharan Africa,79,1113.0,27696500.0,2.852345964291517e-06,3.5
2016,Myanmar,Southeast Asia,74,5284.0,51892352.0,1.4260290225426667e-06,4.9
2016,Nepal,South Asia,43,2435.0,27861186.0,1.5433657418603788e-06,4.9
2016,Netherlands,Western Europe,6,45600.0,17124512.0,3.503749479109244e-07,12.1
2016,New Zealand,Australasia & Oceania,1,34295.0,4668088.0,2.1422046885148694e-07,12.5
2016,Niger,Sub-Saharan Africa,25,925.0,20921748.0,1.1949288367300858e-06,1.9
2016,Nigeria,Sub-Saharan Africa,533,5360.0,188666928.0,2.8250844260314663e-06,6.2
2016,Pakistan,South Asia,864,5223.0,213524848.0,4.0463674747587224e-06,5.2
2016,Panama,Central America & Caribbean,1,21449.0,4026338.0,2.483646430081131e-07,10.0
2016,Paraguay,South America,15,8786.0,6266623.0,2.393633700319933e-06,8.4
2016,Peru,South America,3,11776.0,31132776.0,9.636146805540244e-08,9.2
2016,Philippines,Southeast Asia,632,7410.0,104875272.0,6.026206063141367e-06,9.3
2016,Poland,Eastern Europe,2,24838.0,38532108.0,5.190476472244913e-08,12.2
2016,Russia,Eastern Europe,55,23635.0,145109152.0,3.7902502524444495e-07,12.0
2016,Rwanda,Sub-Saharan Africa,1,1758.0,11930902.0,8.381595959802536e-08,4.1
2016,Saudi Arabia,Middle East & North Africa,124,51397.0,33416272.0,3.710767017936651e-06,9.5
2016,Sierra Leone,Sub-Saharan Africa,1,1619.0,7493918.0,1.3344154553065566e-07,3.4
2016,South Africa,Sub-Saharan Africa,27,12139.0,56422272.0,4.785344340617832e-07,10.1
2016,South Korea,East Asia,1,36103.0,51309984.0,1.948938436620834e-08,12.1
2016,Spain,Western Europe,3,30110.0,46473320.0,6.455316727963486e-08,9.8
2016,Sri Lanka,South Asia,1,11149.0,21425494.0,4.6673369584850646e-08,10.9
2016,Sweden,Western Europe,16,44659.0,9953322.0,1.6075035048599854e-06,12.4
2016,Switzerland,Western Europe,1,59662.0,8372902.0,1.1943290390834622e-07,13.4
2016,Syria,Middle East & North Africa,473,3091.0,18964252.0,2.4941663926423252e-05,5.1
2016,Taiwan,East Asia,1,42165.0,23594476.0,4.238280180496486e-08,7.907189542483661
2016,Tajikistan,Central Asia,2,3991.0,8725326.0,2.2921779656141215e-07,10.5
2016,Tanzania,Sub-Saharan Africa,3,2660.0,54401804.0,5.514523011038384e-08,5.8
2016,Thailand,Southeast Asia,329,15454.0,70607032.0,4.659592545966243e-06,7.6
2016,Tunisia,Middle East & North Africa,12,11073.0,11685666.0,1.0268991087029186e-06,7.1
2016,Turkey,Middle East & North Africa,542,17906.0,81019400.0,6.6897557868856104e-06,8.0
2016,Uganda,Sub-Saharan Africa,15,1980.0,38748308.0,3.871136773249557e-07,5.7
2016,Ukraine,Eastern Europe,61,9214.0,44833568.0,1.3605876739500188e-06,11.3
2016,United Kingdom,Western Europe,105,37334.0,65655204.0,1.5992639364885683e-06,12.9
2016,United States,North America,64,53015.0,327210208.0,1.955929198883673e-07,13.4
2016,Uruguay,South America,1,19468.0,3413768.0,2.929314470110447e-07,8.7
2016,Venezuela,South America,6,15219.0,30741464.0,1.9517613084399625e-07,10.1
2016,Yemen,Middle East & North Africa,525,2506.0,29274010.0,1.793399674318619e-05,3.0
2017,Afghanistan,South Asia,1414,2014.7452,35643420.0,3.967071622195625e-05,3.8
2017,Albania,Eastern Europe,1,10702.12,2879361.0,3.4729927924980576e-07,10.0
2017,Algeria,Middle East & North Africa,14,14267.23,41136548.0,3.403299664327692e-07,8.0
2017,Angola,Sub-Saharan Africa,6,8146.4355,30208634.0,1.9861871278257731e-07,5.1
2017,Argentina,South America,3,19200.906,44054616.0,6.809729087185779e-08,9.9
2017,Australia,Australasia & Oceania,4,49265.613,24590336.0,1.626655284417423e-07,12.9
2017,Austria,Western Europe,1,42177.37,8797497.0,1.1366869462984756e-07,12.1
2017,Azerbaijan,Central Asia,2,16522.307,10071569.0,1.9857879144748947e-07,10.7
2017,Bahrain,Middle East & North Africa,21,40695.715,1456844.0,1.4414721136923378e-05,9.4
2017,Bangladesh,South Asia,41,3837.0503,161793968.0,2.5340870557053154e-07,5.8
2017,Belgium,Western Europe,3,39352.164,11384491.0,2.6351639260815436e-07,11.8
2017,Brazil,South America,2,13951.6,208504960.0,9.59209795296956e-09,7.8
2017,Burkina Faso,Sub-Saharan Africa,32,1530.2047,19835860.0,1.6132398595271392e-06,1.5
2017,Burundi,Sub-Saharan Africa,21,671.3169,11155592.0,1.882463969639621e-06,3.0
2017,Cameroon,Sub-Saharan Africa,94,2850.2727,24393182.0,3.853535795371018e-06,6.3
2017,Canada,North America,12,44591.64,36554344.0,3.2827835728634605e-07,13.3
2017,Central African Republic,Sub-Saharan Africa,43,606.6967,4996741.0,8.605609136034868e-06,4.3
2017,Chad,Sub-Saharan Africa,6,2066.3462,15085893.0,3.977225610707964e-07,2.3
2017,Chile,South America,12,21650.393,18368582.0,6.53289404702007e-07,10.3
2017,China,East Asia,6,12733.932,1410275968.0,4.254486452399081e-09,7.8
2017,Colombia,South America,117,13358.032,48351668.0,2.4197717439654822e-06,8.3
2017,Djibouti,Sub-Saharan Africa,1,3168.4478,1040242.0,9.613147709859822e-07,4.1
2017,Dominican Republic,Central America & Caribbean,1,15018.936,10647247.0,9.392099197097616e-08,7.8
2017,Ecuador,South America,3,10637.277,16696947.0,1.7967356547277775e-07,8.7
2017,Egypt,Middle East & North Africa,224,11619.688,101789384.0,2.2006224146125102e-06,7.2
2017,Ethiopia,Sub-Saharan Africa,27,1753.3181,108197944.0,2.4954263456244605e-07,2.7
2017,Finland,Western Europe,2,38366.56,5508146.0,3.630985816280106e-07,12.4
2017,France,Western Europe,41,37895.0,64144092.0,6.39185912866301e-07,11.5
2017,Gabon,Sub-Saharan Africa,4,17963.014,2140225.0,1.868962375451179e-06,8.2
2017,Georgia,Central Asia,1,11430.724,3771904.0,2.6511809420388216e-07,12.8
2017,Germany,Western Europe,27,45619.785,82624368.0,3.267801092287931e-07,14.1
2017,Greece,Western Europe,43,22959.121,10692230.0,4.021611955597663e-06,10.8
2017,Honduras,Central America & Caribbean,1,4941.2993,9626845.0,1.0387619204422632e-07,6.5
2017,India,South Asia,966,6449.1133,1354195712.0,7.133385458541461e-07,6.4
2017,Indonesia,Southeast Asia,27,11364.554,264498848.0,1.0207983968232633e-07,8.0
2017,Iran,Middle East & North Africa,11,17686.805,84505080.0,1.3016968920685004e-07,9.8
2017,Iraq,Middle East & North Africa,2466,13211.263,39621156.0,6.223947630402304e-05,6.8
2017,Ireland,Western Europe,17,60544.277,4771860.0,3.562552128520116e-06,12.5
2017,Israel,Middle East & North Africa,32,32339.092,8309256.0,3.851126984172831e-06,13.0
2017,Italy,Western Europe,8,34027.336,60004024.0,1.3332439171079593e-07,10.2
2017,Jamaica,Central America & Caribbean,2,7135.1797,2808388.0,7.121523094387243e-07,9.8
2017,Jordan,Middle East & North Africa,8,11494.377,10215384.0,7.831325772971432e-07,10.4
2017,Kenya,Sub-Saharan Africa,97,3249.8772,48948140.0,1.9816891918671477e-06,6.5
2017,Kyrgyzstan,Central Asia,2,5055.9155,6121266.0,3.2672979739811996e-07,10.9
2017,Laos,Southeast Asia,1,6166.2764,6997925.0,1.4289950235248306e-07,5.2
2017,Latvia,Eastern Europe,1,23132.797,1954861.0,5.115453221482244e-07,12.8
2017,Lebanon,Middle East & North Africa,23,12880.781,6109255.0,3.764779829946532e-06,8.7
2017,Liberia,Sub-Saharan Africa,1,828.6107,4796632.0,2.0847961653093254e-07,4.7
2017,Libya,Middle East & North Africa,190,13008.445,6378267.0,2.9788655758688056e-05,7.3
2017,Malawi,Sub-Saharan Africa,1,1118.7711,17881172.0,5.5924745872362284e-08,4.5
2017,Malaysia,Southeast Asia,4,24041.113,31975812.0,1.2509455584740116e-07,10.2
2017,Mali,Sub-Saharan Africa,141,1629.3593,19311356.0,7.30140338151293e-06,2.3
2017,Malta,Western Europe,3,30901.93,479507.0,6.256425870738071e-06,11.3
2017,Mexico,North America,20,16308.641,122839256.0,1.6281440193678802e-07,8.6
2017,Mozambique,Sub-Saharan Africa,11,1124.6561,28569448.0,3.8502669005015426e-07,3.5
2017,Myanmar,Southeast Asia,115,5536.4263,52288344.0,2.199342935779339e-06,4.9
2017,Nepal,South Asia,247,2600.0276,28183424.0,8.764016749703656e-06,4.9
2017,Netherlands,Western Europe,1,46650.754,17207204.0,5.811519407801523e-08,12.2
2017,Niger,Sub-Saharan Africa,13,935.3714,21737924.0,5.980331884498262e-07,2.0
2017,Nigeria,Sub-Saharan Africa,484,5271.1426,193495904.0,2.501344938030316e-06,6.2
2017,Norway,Western Europe,1,84056.336,5277396.0,1.8948739113001942e-07,12.6
2017,Pakistan,South Asia,719,5392.2285,216379648.0,3.322863340640983e-06,5.2
2017,Paraguay,South America,10,9113.788,6355406.0,1.5734635993357465e-06,8.4
2017,Peru,South America,8,11952.525,31605488.0,2.53120597283611e-07,9.2
2017,Philippines,Southeast Asia,692,7781.1094,106738496.0,6.4831342573910725e-06,9.3
2017,Poland,Eastern Europe,1,26061.164,38532816.0,2.5951905513471944e-08,12.3
2017,Russia,Eastern Europe,33,24042.635,145452544.0,2.2687812184295657e-07,12.0
2017,Rwanda,Sub-Saharan Africa,2,1819.0831,12230343.0,1.63527711365086e-07,4.1
2017,Saudi Arabia,Middle East & North Africa,54,50001.938,34193120.0,1.5792650685284058e-06,9.5
2017,Serbia,Eastern Europe,1,13488.675,7464882.0,1.3396059040183085e-07,11.1
2017,Sierra Leone,Sub-Saharan Africa,3,1644.2478,7677570.0,3.907486353103912e-07,3.5
2017,South Africa,Sub-Saharan Africa,29,12189.357,56641208.0,5.119947300558985e-07,10.1
2017,Spain,Western Europe,4,30908.12,46584168.0,8.58660822277646e-08,9.8
2017,Sri Lanka,South Asia,41,11418.129,21506816.0,1.9063723798074061e-06,10.9
2017,Sweden,Western Europe,18,45192.742,10058191.0,1.789586218833983e-06,12.4
2017,Syria,Middle East & North Africa,243,3241.3958,18983370.0,1.2800677645749938e-05,5.1
2017,Taiwan,East Asia,1,43503.793,23665028.0,4.22564469393402e-08,7.907189542483661
2017,Tajikistan,Central Asia,2,4204.9053,8925529.0,2.2407635446593698e-07,10.4
2017,Tanzania,Sub-Saharan Africa,6,2762.8704,56267040.0,1.0663436356346451e-07,5.8
2017,Thailand,Southeast Asia,179,16032.216,70898208.0,2.5247464646779225e-06,7.6
2017,Tunisia,Middle East & North Africa,4,11168.261,11811441.0,3.3865469928690327e-07,7.2
2017,Turkey,Middle East & North Africa,181,18995.824,82089824.0,2.2049017914814875e-06,8.0
2017,Uganda,Sub-Saharan Africa,13,1991.8951,40127096.0,3.239706157654668e-07,6.1
2017,Ukraine,Eastern Europe,61,9484.381,44657260.0,1.3659593087439758e-06,11.3
2017,United Kingdom,Western Europe,122,37782.83,66064808.0,1.8466715289628936e-06,12.9
2017,United States,North America,65,54007.77,329791232.0,1.9709438485011027e-07,13.4
2017,Venezuela,South America,17,12879.135,30563430.0,5.562202933374952e-07,10.3
2017,Vietnam,Southeast Asia,2,6422.0864,94033048.0,2.1269118065810226e-08,8.2
2017,Yemen,Middle East & North Africa,226,2321.9238,30034386.0,7.524708512436378e-06,3.0
2017,Zambia,Sub-Saharan Africa,2,3497.5818,17298056.0,1.1561992862088087e-07,7.0
2017,Zimbabwe,Sub-Saharan Africa,3,1582.3662,14751101.0,2.03374649797327e-07,8.2
